club_id,club_name,season,season_id,in_premier_league,revenue,wage_bill
11,Arsenal,2016/17,2016,TRUE,416,199
11,Arsenal,2017/18,2017,TRUE,386,223
11,Arsenal,2018/19,2018,TRUE,390,232
11,Arsenal,2019/20,2019,TRUE,340,225
11,Arsenal,2020/21,2020,TRUE,325,238
11,Arsenal,2021/22,2021,TRUE,367,212
11,Arsenal,2022/23,2022,TRUE,463,235
11,Arsenal,2023/24,2023,TRUE,612,328
11,Arsenal,2024/25,2024,TRUE,690,347
405,Aston Villa,2016/17,2016,FALSE,73.8,61.5
405,Aston Villa,2017/18,2017,FALSE,68.6,73.1
405,Aston Villa,2018/19,2018,FALSE,54.3,95
405,Aston Villa,2019/20,2019,TRUE,113,109
405,Aston Villa,2020/21,2020,TRUE,184,138
405,Aston Villa,2021/22,2021,TRUE,178,137
405,Aston Villa,2022/23,2022,TRUE,218,194
405,Aston Villa,2023/24,2023,TRUE,276,252
405,Aston Villa,2024/25,2024,TRUE,378,273
989,Bournemouth,2016/17,2016,TRUE,139,71.5
989,Bournemouth,2017/18,2017,TRUE,140,102
989,Bournemouth,2018/19,2018,TRUE,139,111
989,Bournemouth,2019/20,2019,TRUE,102,108
989,Bournemouth,2020/21,2020,FALSE,76.7,57.4
989,Bournemouth,2021/22,2021,FALSE,53.2,61.4
989,Bournemouth,2022/23,2022,TRUE,141,100
989,Bournemouth,2023/24,2023,TRUE,170,136
989,Bournemouth,2024/25,2024,TRUE,182,158
1148,Brentford,2016/17,2016,FALSE,12.7,14.7
1148,Brentford,2017/18,2017,FALSE,12.7,17.2
1148,Brentford,2018/19,2018,FALSE,15.2,18.9
1148,Brentford,2019/20,2019,FALSE,14,25.9
1148,Brentford,2020/21,2020,FALSE,15.3,41.4
1148,Brentford,2021/22,2021,TRUE,141,59.7
1148,Brentford,2022/23,2022,TRUE,167,98.8
1148,Brentford,2023/24,2023,TRUE,167,114
1148,Brentford,2024/25,2024,TRUE,173,131
1237,Brighton & Hove Albion,2016/17,2016,FALSE,29.2,40.4
1237,Brighton & Hove Albion,2017/18,2017,TRUE,139,77.6
1237,Brighton & Hove Albion,2018/19,2018,TRUE,143,102
1237,Brighton & Hove Albion,2019/20,2019,TRUE,133,103
1237,Brighton & Hove Albion,2020/21,2020,TRUE,146,109
1237,Brighton & Hove Albion,2021/22,2021,TRUE,175,115
1237,Brighton & Hove Albion,2022/23,2022,TRUE,204,128
1237,Brighton & Hove Albion,2023/24,2023,TRUE,261,146
1237,Brighton & Hove Albion,2024/25,2024,TRUE,222,165
1132,Burnley,2016/17,2016,TRUE,121,61.2
1132,Burnley,2017/18,2017,TRUE,139,81.6
1132,Burnley,2018/19,2018,TRUE,138,86.6
1132,Burnley,2019/20,2019,TRUE,134,100
1132,Burnley,2020/21,2020,TRUE,115,85.9
1132,Burnley,2021/22,2021,TRUE,123,92
1132,Burnley,2022/23,2022,FALSE,64.9,53.7
1132,Burnley,2023/24,2023,TRUE,134,93.4
1132,Burnley,2024/25,2024,FALSE,71.7,82.3
603,Cardiff City,2016/17,2016,FALSE,28.2,29
603,Cardiff City,2017/18,2017,FALSE,34.8,48.4
603,Cardiff City,2018/19,2018,TRUE,125,53.6
603,Cardiff City,2019/20,2019,FALSE,44.9,35.6
603,Cardiff City,2020/21,2020,FALSE,55.1,33.5
603,Cardiff City,2021/22,2021,FALSE,20,29.2
603,Cardiff City,2022/23,2022,FALSE,26.7,22.3
603,Cardiff City,2023/24,2023,FALSE,23.2,27.9
603,Cardiff City,2024/25,2024,FALSE,25.8,39
631,Chelsea,2016/17,2016,TRUE,361,220
631,Chelsea,2017/18,2017,TRUE,443,244
631,Chelsea,2018/19,2018,TRUE,447,286
631,Chelsea,2019/20,2019,TRUE,407,283
631,Chelsea,2020/21,2020,TRUE,435,333
631,Chelsea,2021/22,2021,TRUE,481,340
631,Chelsea,2022/23,2022,TRUE,513,404
631,Chelsea,2023/24,2023,TRUE,486,338
631,Chelsea,2024/25,2024,TRUE,491,359
873,Crystal Palace,2016/17,2016,TRUE,143,112
873,Crystal Palace,2017/18,2017,TRUE,150,117
873,Crystal Palace,2018/19,2018,TRUE,155,119
873,Crystal Palace,2019/20,2019,TRUE,142,133
873,Crystal Palace,2020/21,2020,TRUE,134,130
873,Crystal Palace,2021/22,2021,TRUE,160,124
873,Crystal Palace,2022/23,2022,TRUE,180,130
873,Crystal Palace,2023/24,2023,TRUE,189,134
873,Crystal Palace,2024/25,2024,TRUE,195,145
29,Everton,2016/17,2016,TRUE,171,105
29,Everton,2017/18,2017,TRUE,189,145
29,Everton,2018/19,2018,TRUE,188,160
29,Everton,2019/20,2019,TRUE,186,165
29,Everton,2020/21,2020,TRUE,193,183
29,Everton,2021/22,2021,TRUE,181,162
29,Everton,2022/23,2022,TRUE,172,159
29,Everton,2023/24,2023,TRUE,187,157
29,Everton,2024/25,2024,TRUE,197,152
931,Fulham,2016/17,2016,FALSE,34.9,37.1
931,Fulham,2017/18,2017,FALSE,38.3,54.3
931,Fulham,2018/19,2018,TRUE,138,92.6
931,Fulham,2019/20,2019,FALSE,58,72.6
931,Fulham,2020/21,2020,TRUE,116,114
931,Fulham,2021/22,2021,FALSE,71.6,90.4
931,Fulham,2022/23,2022,TRUE,182,139
931,Fulham,2023/24,2023,TRUE,182,155
931,Fulham,2024/25,2024,TRUE,195,167
1110,Huddersfield Town,2016/17,2016,FALSE,15.8,28.4
1110,Huddersfield Town,2017/18,2017,TRUE,125,62.6
1110,Huddersfield Town,2018/19,2018,TRUE,119,64.2
1110,Huddersfield Town,2019/20,2019,FALSE,58.4,30.3
1110,Huddersfield Town,2020/21,2020,FALSE,45.1,24.6
1110,Huddersfield Town,2021/22,2021,FALSE,30.8,20.3
1110,Huddersfield Town,2022/23,2022,FALSE,18.1,21.5
1110,Huddersfield Town,2023/24,2023,FALSE,18.2,23
1110,Huddersfield Town,2024/25,2024,FALSE,10.6,16.9
3008,Hull City,2016/17,2016,TRUE,117,61.3
3008,Hull City,2017/18,2017,FALSE,56.7,31.1
3008,Hull City,2018/19,2018,FALSE,48.4,24.8
3008,Hull City,2019/20,2019,FALSE,15.7,17.8
3008,Hull City,2020/21,2020,FALSE,7.47,8.44
3008,Hull City,2021/22,2021,FALSE,15.4,12.7
3008,Hull City,2022/23,2022,FALSE,18.1,23.7
3008,Hull City,2023/24,2023,FALSE,21.2,29.6
3008,Hull City,2024/25,2024,FALSE,25.8,36.7
677,Ipswich Town,2016/17,2016,FALSE,17.2,17.8
677,Ipswich Town,2017/18,2017,FALSE,17.1,18.5
677,Ipswich Town,2018/19,2018,FALSE,17.9,18.9
677,Ipswich Town,2019/20,2019,FALSE,10.6,12.9
677,Ipswich Town,2020/21,2020,FALSE,8.1,13.4
677,Ipswich Town,2021/22,2021,FALSE,14.4,16.4
677,Ipswich Town,2022/23,2022,FALSE,21.8,19.8
677,Ipswich Town,2023/24,2023,FALSE,37.3,44.5
677,Ipswich Town,2024/25,2024,TRUE,155,77.1
399,Leeds United,2016/17,2016,FALSE,34.1,20.7
399,Leeds United,2017/18,2017,FALSE,40.7,31.4
399,Leeds United,2018/19,2018,FALSE,48.9,46.2
399,Leeds United,2019/20,2019,FALSE,54.2,78.3
399,Leeds United,2020/21,2020,TRUE,171,108
399,Leeds United,2021/22,2021,TRUE,189,121
399,Leeds United,2022/23,2022,TRUE,190,146
399,Leeds United,2023/24,2023,FALSE,128,84
399,Leeds United,2024/25,2024,FALSE,137,103
1003,Leicester City,2016/17,2016,TRUE,233,113
1003,Leicester City,2017/18,2017,TRUE,159,119
1003,Leicester City,2018/19,2018,TRUE,178,150
1003,Leicester City,2019/20,2019,TRUE,150,157
1003,Leicester City,2020/21,2020,TRUE,226,192
1003,Leicester City,2021/22,2021,TRUE,215,182
1003,Leicester City,2022/23,2022,TRUE,177,206
1003,Leicester City,2023/24,2023,FALSE,105,107
1003,Leicester City,2024/25,2024,TRUE,187,153
31,Liverpool,2016/17,2016,TRUE,364,208
31,Liverpool,2017/18,2017,TRUE,455,264
31,Liverpool,2018/19,2018,TRUE,533,310
31,Liverpool,2019/20,2019,TRUE,490,326
31,Liverpool,2020/21,2020,TRUE,487,311
31,Liverpool,2021/22,2021,TRUE,594,366
31,Liverpool,2022/23,2022,TRUE,594,373
31,Liverpool,2023/24,2023,TRUE,614,377
31,Liverpool,2024/25,2024,TRUE,703,428
1031,Luton Town,2016/17,2016,FALSE,5.7,5.1
1031,Luton Town,2017/18,2017,FALSE,6,6.2
1031,Luton Town,2018/19,2018,FALSE,7.7,7.9
1031,Luton Town,2019/20,2019,FALSE,15,14
1031,Luton Town,2020/21,2020,FALSE,12.7,14.1
1031,Luton Town,2021/22,2021,FALSE,17.7,17.8
1031,Luton Town,2022/23,2022,FALSE,18.4,27
1031,Luton Town,2023/24,2023,TRUE,132,56.9
1031,Luton Town,2024/25,2024,FALSE,66.8,39.5
281,Manchester City,2016/17,2016,TRUE,473,264
281,Manchester City,2017/18,2017,TRUE,500,260
281,Manchester City,2018/19,2018,TRUE,535,316
281,Manchester City,2019/20,2019,TRUE,478,351
281,Manchester City,2020/21,2020,TRUE,570,355
281,Manchester City,2021/22,2021,TRUE,613,354
281,Manchester City,2022/23,2022,TRUE,713,423
281,Manchester City,2023/24,2023,TRUE,715,413
281,Manchester City,2024/25,2024,TRUE,694,408
985,Manchester United,2016/17,2016,TRUE,581,263
985,Manchester United,2017/18,2017,TRUE,590,296
985,Manchester United,2018/19,2018,TRUE,627,332
985,Manchester United,2019/20,2019,TRUE,509,284
985,Manchester United,2020/21,2020,TRUE,494,323
985,Manchester United,2021/22,2021,TRUE,583,384
985,Manchester United,2022/23,2022,TRUE,648,331
985,Manchester United,2023/24,2023,TRUE,662,365
985,Manchester United,2024/25,2024,TRUE,667,313
641,Middlesbrough,2016/17,2016,TRUE,121,64.9
641,Middlesbrough,2017/18,2017,FALSE,62,48.7
641,Middlesbrough,2018/19,2018,FALSE,55.6,40.1
641,Middlesbrough,2019/20,2019,FALSE,20.6,31
641,Middlesbrough,2020/21,2020,FALSE,15.7,27
641,Middlesbrough,2021/22,2021,FALSE,26.9,28.4
641,Middlesbrough,2022/23,2022,FALSE,28.6,29.6
641,Middlesbrough,2023/24,2023,FALSE,32.2,31.4
641,Middlesbrough,2024/25,2024,FALSE,32.5,36.4
762,Newcastle United,2016/17,2016,FALSE,85.7,112
762,Newcastle United,2017/18,2017,TRUE,179,103
762,Newcastle United,2018/19,2018,TRUE,176,101
762,Newcastle United,2019/20,2019,TRUE,153,121
762,Newcastle United,2020/21,2020,TRUE,140,107
762,Newcastle United,2021/22,2021,TRUE,180,170
762,Newcastle United,2022/23,2022,TRUE,250,187
762,Newcastle United,2023/24,2023,TRUE,320,219
762,Newcastle United,2024/25,2024,TRUE,335,244
1123,Norwich City,2016/17,2016,FALSE,75.3,55.1
1123,Norwich City,2017/18,2017,FALSE,61.7,54.3
1123,Norwich City,2018/19,2018,FALSE,33.7,51.2
1123,Norwich City,2019/20,2019,TRUE,119,88.9
1123,Norwich City,2020/21,2020,FALSE,57.2,66.6
1123,Norwich City,2021/22,2021,TRUE,134,118
1123,Norwich City,2022/23,2022,FALSE,75.6,56.4
1123,Norwich City,2023/24,2023,FALSE,73.1,51.8
1123,Norwich City,2024/25,2024,FALSE,39.3,48.1
703,Nottingham Forest,2016/17,2016,FALSE,20.8,28.6
703,Nottingham Forest,2017/18,2017,FALSE,22.7,28.7
703,Nottingham Forest,2018/19,2018,FALSE,25.3,36.3
703,Nottingham Forest,2019/20,2019,FALSE,25.8,38.1
703,Nottingham Forest,2020/21,2020,FALSE,18.4,37.2
703,Nottingham Forest,2021/22,2021,FALSE,29.7,58.6
703,Nottingham Forest,2022/23,2022,TRUE,155,145
703,Nottingham Forest,2023/24,2023,TRUE,190,166
703,Nottingham Forest,2024/25,2024,TRUE,222,167
350,Sheffield United,2016/17,2016,FALSE,11.4,10
350,Sheffield United,2017/18,2017,FALSE,21,19
350,Sheffield United,2018/19,2018,FALSE,21.5,41.2
350,Sheffield United,2019/20,2019,TRUE,144,78.5
350,Sheffield United,2020/21,2020,TRUE,115,56.5
350,Sheffield United,2021/22,2021,FALSE,66.7,42.1
350,Sheffield United,2022/23,2022,FALSE,63.9,48.2
350,Sheffield United,2023/24,2023,TRUE,138,63.7
350,Sheffield United,2024/25,2024,FALSE,79.3,46
180,Southampton,2016/17,2016,TRUE,182,112
180,Southampton,2017/18,2017,TRUE,153,113
180,Southampton,2018/19,2018,TRUE,150,115
180,Southampton,2019/20,2019,TRUE,127,114
180,Southampton,2020/21,2020,TRUE,157,113
180,Southampton,2021/22,2021,TRUE,151,113
180,Southampton,2022/23,2022,TRUE,146,123
180,Southampton,2023/24,2023,FALSE,84.8,80.9
180,Southampton,2024/25,2024,TRUE,158,116
512,Stoke City,2016/17,2016,TRUE,136,84.9
512,Stoke City,2017/18,2017,TRUE,127,94.2
512,Stoke City,2018/19,2018,FALSE,70.6,56
512,Stoke City,2019/20,2019,FALSE,49.9,54.8
512,Stoke City,2020/21,2020,FALSE,40.4,50.2
512,Stoke City,2021/22,2021,FALSE,31.2,37.4
512,Stoke City,2022/23,2022,FALSE,31.2,30.1
512,Stoke City,2023/24,2023,FALSE,32.3,34.4
512,Stoke City,2024/25,2024,FALSE,35.4,33.2
289,Sunderland,2016/17,2016,TRUE,126,84.4
289,Sunderland,2017/18,2017,FALSE,63.7,46.8
289,Sunderland,2018/19,2018,FALSE,58.7,26.7
289,Sunderland,2019/20,2019,FALSE,29.2,16.3
289,Sunderland,2020/21,2020,FALSE,10.7,12.8
289,Sunderland,2021/22,2021,FALSE,26.1,16.3
289,Sunderland,2022/23,2022,FALSE,35.5,25.6
289,Sunderland,2023/24,2023,FALSE,38.2,31.4
289,Sunderland,2024/25,2024,FALSE,40.3,53.8
2288,Swansea City,2016/17,2016,TRUE,128,98.7
2288,Swansea City,2017/18,2017,TRUE,127,90.7
2288,Swansea City,2018/19,2018,FALSE,69.4,50.3
2288,Swansea City,2019/20,2019,FALSE,50,40.2
2288,Swansea City,2020/21,2020,FALSE,27.5,27.7
2288,Swansea City,2021/22,2021,FALSE,19.7,24.8
2288,Swansea City,2022/23,2022,FALSE,22,26.6
2288,Swansea City,2023/24,2023,FALSE,21.9,29.1
2288,Swansea City,2024/25,2024,FALSE,22.7,30.2
148,Tottenham Hotspur,2016/17,2016,TRUE,306,127
148,Tottenham Hotspur,2017/18,2017,TRUE,381,148
148,Tottenham Hotspur,2018/19,2018,TRUE,461,179
148,Tottenham Hotspur,2019/20,2019,TRUE,402,181
148,Tottenham Hotspur,2020/21,2020,TRUE,362,205
148,Tottenham Hotspur,2021/22,2021,TRUE,444,209
148,Tottenham Hotspur,2022/23,2022,TRUE,550,251
148,Tottenham Hotspur,2023/24,2023,TRUE,528,222
148,Tottenham Hotspur,2024/25,2024,TRUE,565,256
1010,Watford,2016/17,2016,TRUE,124,76
1010,Watford,2017/18,2017,TRUE,129,85.9
1010,Watford,2018/19,2018,TRUE,148,83.6
1010,Watford,2019/20,2019,TRUE,120,96.2
1010,Watford,2020/21,2020,FALSE,57.1,68.1
1010,Watford,2021/22,2021,TRUE,128,79
1010,Watford,2022/23,2022,FALSE,66.2,48.7
1010,Watford,2023/24,2023,FALSE,57.6,33
1010,Watford,2024/25,2024,FALSE,26,28.1
984,West Bromwich Albion,2016/17,2016,TRUE,138,79.1
984,West Bromwich Albion,2017/18,2017,TRUE,125,92.2
984,West Bromwich Albion,2018/19,2018,FALSE,70.8,46.8
984,West Bromwich Albion,2019/20,2019,FALSE,53.7,66.9
984,West Bromwich Albion,2020/21,2020,TRUE,107,76.9
984,West Bromwich Albion,2021/22,2021,FALSE,65.4,42.4
984,West Bromwich Albion,2022/23,2022,FALSE,56.7,45.9
984,West Bromwich Albion,2023/24,2023,FALSE,28.2,42.9
984,West Bromwich Albion,2024/25,2024,FALSE,30.4,37
379,West Ham United,2016/17,2016,TRUE,183,95
379,West Ham United,2017/18,2017,TRUE,176,107
379,West Ham United,2018/19,2018,TRUE,191,136
379,West Ham United,2019/20,2019,TRUE,140,127
379,West Ham United,2020/21,2020,TRUE,193,129
379,West Ham United,2021/22,2021,TRUE,253,136
379,West Ham United,2022/23,2022,TRUE,237,137
379,West Ham United,2023/24,2023,TRUE,270,161
379,West Ham United,2024/25,2024,TRUE,228,176
543,Wolverhampton Wanderers,2016/17,2016,FALSE,23.8,28.2
543,Wolverhampton Wanderers,2017/18,2017,FALSE,26.4,50.7
543,Wolverhampton Wanderers,2018/19,2018,TRUE,172,92.1
543,Wolverhampton Wanderers,2019/20,2019,TRUE,133,94.7
543,Wolverhampton Wanderers,2020/21,2020,TRUE,194,139
543,Wolverhampton Wanderers,2021/22,2021,TRUE,166,121
543,Wolverhampton Wanderers,2022/23,2022,TRUE,169,142
543,Wolverhampton Wanderers,2023/24,2023,TRUE,178,142
543,Wolverhampton Wanderers,2024/25,2024,TRUE,172,163
