team_id,team_name,season_name,squad_size,avg_age,median_age,age_std,young_u21_pct,veteran_o30_pct,avg_height,height_std,left_foot_pct,right_foot_pct,both_foot_pct,eu_player_pct,multi_nationality_pct,unique_citizenships,total_minutes,avg_minutes_per_player,median_minutes_per_player,top5_minutes_share,players_1000_plus_minutes,players_2000_plus_minutes,avg_tenure_years,median_tenure_years,joined_within_last_year_pct,total_goals,total_assists,total_clean_sheets,goals_per_player,assists_per_player,goalkeeper_pct,defender_pct,midfielder_pct,forward_pct
989,AFC Bournemouth,16/17,27,24.981570208127362,24.54483230663929,4.392762805505943,0.18518518518518517,0.1111111111111111,182.2962962962963,7.4772208679984775,0.25925925925925924,0.7037037037037037,0.037037037037037035,1.0,0.4444444444444444,16,13552.0,501.9259259259259,0.0,0.855814639905549,4,3,-6.394504018049535,-7.019849418206708,0.9629629629629629,47.0,32,10,1.7407407407407407,1.1851851851851851,0.14814814814814814,0.2962962962962963,0.18518518518518517,0.2222222222222222
11,Arsenal FC,16/17,32,25.61815537303217,25.40999315537303,4.0484719215238965,0.15625,0.1875,182.84375,7.708852786914703,0.25,0.6875,0.0625,0.9375,0.40625,21,14030.0,438.4375,117.0,0.6757662152530293,6,2,-7.219284736481862,-7.906913073237509,1.0,73.0,59,13,2.28125,1.84375,0.125,0.375,0.28125,0.15625
1132,Burnley FC,16/17,28,26.42720250317786,26.145106091718,3.912094846064681,0.07142857142857142,0.21428571428571427,183.17857142857142,5.624375332745663,0.2857142857142857,0.7142857142857143,0.0,1.0,0.39285714285714285,14,20010.0,714.6428571428571,103.0,0.663368315842079,8,4,-6.775300674684659,-7.30321697467488,1.0,36.0,22,10,1.2857142857142858,0.7857142857142857,0.10714285714285714,0.2857142857142857,0.32142857142857145,0.17857142857142858
631,Chelsea FC,16/17,25,25.788911704312113,25.593429158110883,4.229855197765273,0.16,0.12,184.04,8.349051842375077,0.2,0.76,0.04,0.8,0.52,17,19043.0,761.72,188.0,0.8114267709919656,5,5,-7.223216974674878,-8.02464065708419,1.0,83.0,58,16,3.32,2.32,0.08,0.36,0.24,0.12
873,Crystal Palace,16/17,37,26.650609541779975,26.46406570841889,4.3092079846372435,0.10810810810810811,0.1891891891891892,183.43243243243242,5.927996385047915,0.2972972972972973,0.6756756756756757,0.02702702702702703,0.918918918918919,0.5675675675675675,24,9570.0,258.64864864864865,0.0,0.6355276907001045,2,1,-7.312799452429843,-8.27378507871321,1.0,48.0,35,7,1.2972972972972974,0.9459459459459459,0.08108108108108109,0.2702702702702703,0.2972972972972973,0.16216216216216217
29,Everton FC,16/17,31,25.577973548828687,26.12457221081451,5.008327306313237,0.25806451612903225,0.1935483870967742,181.93548387096774,7.238487336780468,0.1935483870967742,0.8064516129032258,0.0,0.8387096774193549,0.5161290322580645,22,18817.0,607.0,290.0,0.5673593027581443,8,2,-6.860877437018392,-7.915126625598905,0.967741935483871,58.0,45,14,1.8709677419354838,1.4516129032258065,0.0967741935483871,0.3225806451612903,0.2903225806451613,0.1935483870967742
3008,Hull City,16/17,30,26.752817704768425,26.587268993839835,4.158162481948683,0.1,0.23333333333333334,183.56666666666666,6.218345124866745,0.2,0.8,0.0,0.8,0.26666666666666666,19,18715.0,623.8333333333334,317.5,0.526529521773978,8,2,-6.445995893223819,-7.475701574264203,1.0,36.0,29,5,1.2,0.9666666666666667,0.1,0.3,0.3,0.16666666666666666
1003,Leicester City,16/17,27,26.210662407787666,27.299110198494184,4.094111033296466,0.18518518518518517,0.18518518518518517,182.4814814814815,6.588862224474376,0.14814814814814814,0.8518518518518519,0.0,0.8518518518518519,0.4074074074074074,20,20359.0,754.0370370370371,472.0,0.5295937914435876,9,3,-7.704109311227722,-8.11772758384668,1.0,46.0,33,10,1.7037037037037037,1.2222222222222223,0.1111111111111111,0.3333333333333333,0.2962962962962963,0.14814814814814814
31,Liverpool FC,16/17,27,24.44732269783605,24.223134839151264,5.0542257325520055,0.25925925925925924,0.1111111111111111,174.85185185185185,35.676650092509554,0.14814814814814814,0.7407407407407407,0.037037037037037035,0.8888888888888888,0.4444444444444444,21,12076.0,447.25925925925924,173.0,0.7677210997018881,4,3,-6.713615737571933,-7.915126625598905,0.9629629629629629,77.0,55,12,2.8518518518518516,2.037037037037037,0.1111111111111111,0.3333333333333333,0.3333333333333333,0.14814814814814814
281,Manchester City,16/17,29,27.01333522150629,29.021218343600275,5.194474635142231,0.2413793103448276,0.3793103448275862,180.79310344827587,7.952444863709829,0.20689655172413793,0.7931034482758621,0.0,0.8275862068965517,0.5517241379310345,21,16657.0,574.3793103448276,220.0,0.6405715314882632,7,3,-6.552715428733271,-6.913073237508556,1.0,75.0,56,13,2.586206896551724,1.9310344827586208,0.13793103448275862,0.3448275862068966,0.3103448275862069,0.10344827586206896
985,Manchester United,16/17,32,24.933264887063658,25.088295687885008,5.067295445286159,0.3125,0.1875,177.875,33.280576530366,0.125,0.75,0.09375,0.90625,0.53125,22,16781.0,524.40625,90.0,0.686967403611227,7,3,-7.094028062970567,-7.915126625598905,0.96875,53.0,42,17,1.65625,1.3125,0.125,0.3125,0.40625,0.125
641,Middlesbrough FC,16/17,32,27.096252566735114,26.947296372347708,4.30300301703592,0.0625,0.28125,183.625,5.499266813300748,0.3125,0.6875,0.0,0.96875,0.375,18,15771.0,492.84375,0.0,0.7119396360408344,4,4,-6.185831622176591,-7.301848049281315,0.96875,26.0,21,11,0.8125,0.65625,0.09375,0.3125,0.28125,0.21875
180,Southampton FC,16/17,31,25.148042657481618,24.919917864476385,4.060318771141182,0.16129032258064516,0.0967741935483871,182.67741935483872,8.267958622595195,0.16129032258064516,0.8064516129032258,0.03225806451612903,0.9032258064516129,0.3548387096774194,20,16424.0,529.8064516129032,0.0,0.7105455431076474,7,3,-6.690865734914222,-7.482546201232033,0.967741935483871,39.0,28,14,1.2580645161290323,0.9032258064516129,0.16129032258064516,0.3225806451612903,0.25806451612903225,0.12903225806451613
512,Stoke City,16/17,29,27.020415870093696,27.28542094455852,5.568381903385968,0.1724137931034483,0.3448275862068966,171.13793103448276,48.06225437457655,0.2413793103448276,0.6206896551724138,0.06896551724137931,0.896551724137931,0.5172413793103449,25,15285.0,527.0689655172414,0.0,0.7650637880274779,5,3,-6.454530434987845,-6.913073237508556,1.0,35.0,25,11,1.206896551724138,0.8620689655172413,0.13793103448275862,0.3448275862068966,0.2413793103448276,0.20689655172413793
289,Sunderland AFC,16/17,35,25.337635670284538,25.401779603011637,4.968494381012427,0.17142857142857143,0.17142857142857143,177.25714285714287,31.659347525087846,0.22857142857142856,0.7428571428571429,0.0,0.8857142857142857,0.5428571428571428,26,15114.0,431.8285714285714,0.0,0.7524811433108376,5,4,-6.7570939669502295,-7.975359342915811,1.0,28.0,13,6,0.8,0.37142857142857144,0.11428571428571428,0.4,0.22857142857142856,0.08571428571428572
2288,Swansea City,16/17,30,26.62121834360028,26.906228610540722,4.302017632635965,0.1,0.2,169.86666666666667,46.76406912277352,0.16666666666666666,0.7666666666666667,0.0,0.9333333333333333,0.4666666666666667,22,13235.0,441.1666666666667,0.0,0.6894597657725727,3,2,-6.64996577686516,-7.422313483915126,0.9666666666666667,45.0,33,8,1.5,1.1,0.1,0.3333333333333333,0.23333333333333334,0.13333333333333333
148,Tottenham Hotspur,16/17,29,23.97696428992896,24.06570841889117,3.6074605356791016,0.2413793103448276,0.034482758620689655,182.75862068965517,6.098332163174928,0.3793103448275862,0.5862068965517241,0.034482758620689655,0.9310344827586207,0.4482758620689655,22,15153.0,522.5172413793103,87.0,0.7213093116874546,5,3,-7.344520758101442,-8.914442162902121,0.9655172413793104,84.0,65,18,2.896551724137931,2.2413793103448274,0.13793103448275862,0.3103448275862069,0.3448275862068966,0.06896551724137931
1010,Watford FC,16/17,33,26.933731566175098,28.09034907597536,4.280571102999409,0.15151515151515152,0.21212121212121213,178.54545454545453,32.89480478461883,0.15151515151515152,0.7272727272727273,0.06060606060606061,0.8181818181818182,0.6060606060606061,29,16522.0,500.6666666666667,0.0,0.6784287616511319,6,3,-6.947254889760024,-7.4633812457221085,1.0,36.0,26,8,1.0909090909090908,0.7878787878787878,0.12121212121212122,0.30303030303030304,0.24242424242424243,0.24242424242424243
984,West Bromwich Albion,16/17,27,26.988921844500215,27.277207392197127,5.76851046190217,0.2222222222222222,0.2962962962962963,185.66666666666666,4.69041575982343,0.25925925925925924,0.6666666666666666,0.07407407407407407,0.9629629629629629,0.5925925925925926,16,11907.0,441.0,0.0,0.7262954564541866,4,1,-6.312267092554567,-6.450376454483231,1.0,43.0,34,6,1.5925925925925926,1.2592592592592593,0.1111111111111111,0.2962962962962963,0.3333333333333333,0.14814814814814814
379,West Ham United,16/17,35,24.90294318959617,26.11362080766598,4.646251830306483,0.2571428571428571,0.08571428571428572,182.9142857142857,7.3218907417151105,0.2571428571428571,0.7428571428571429,0.0,0.9714285714285714,0.5142857142857142,25,13514.0,386.1142857142857,0.0,0.6814414681071481,5,1,-7.813513249242203,-8.09034907597536,1.0,45.0,31,10,1.2857142857142858,0.8857142857142857,0.08571428571428572,0.2857142857142857,0.3142857142857143,0.2
989,AFC Bournemouth,17/18,25,25.33081451060917,24.465434633812457,4.927738907480988,0.2,0.2,180.8,8.962886439832502,0.28,0.72,0.0,0.96,0.52,16,14191.0,567.64,259.0,0.6730322035092664,5,2,-5.60536618754278,-6.915811088295688,0.92,44.0,33,6,1.76,1.32,0.12,0.28,0.24,0.2
11,Arsenal FC,17/18,33,25.549872441042872,25.582477754962355,4.673281497960883,0.18181818181818182,0.18181818181818182,182.36363636363637,7.6273282585474425,0.21212121212121213,0.7272727272727273,0.06060606060606061,0.9090909090909091,0.45454545454545453,22,15788.0,478.42424242424244,158.0,0.641816569546491,6,2,-6.223632630203473,-6.899383983572895,1.0,73.0,60,14,2.212121212121212,1.8181818181818181,0.09090909090909091,0.36363636363636365,0.2727272727272727,0.18181818181818182
1237,Brighton & Hove Albion,17/18,24,27.281656399726216,27.028062970568104,3.984012474426166,0.08333333333333333,0.25,183.91666666666666,6.480181604182741,0.20833333333333334,0.7916666666666666,0.0,1.0,0.4166666666666667,17,10581.0,440.875,0.0,0.9368679708912201,3,2,-5.0862422997946615,-5.979466119096509,0.9166666666666666,26.0,21,10,1.0833333333333333,0.875,0.125,0.25,0.25,0.16666666666666666
1132,Burnley FC,17/18,29,27.50954707451202,27.753593429158112,3.898139215770202,0.06896551724137931,0.27586206896551724,182.31034482758622,7.056422850727971,0.20689655172413793,0.7586206896551724,0.0,0.9310344827586207,0.3793103448275862,18,16228.0,559.5862068965517,0.0,0.6615109686960808,8,3,-6.1434539403809385,-6.053388090349076,1.0,35.0,26,13,1.206896551724138,0.896551724137931,0.13793103448275862,0.2413793103448276,0.3103448275862069,0.13793103448275862
631,Chelsea FC,17/18,31,24.680753350555296,24.772073921971252,4.761224356566818,0.25806451612903225,0.1935483870967742,182.32258064516128,8.030720585245112,0.16129032258064516,0.8064516129032258,0.03225806451612903,0.9032258064516129,0.4838709677419355,22,16504.0,532.3870967741935,203.0,0.6141541444498303,7,2,-6.3053586805325565,-6.190280629705681,1.0,60.0,44,16,1.935483870967742,1.4193548387096775,0.06451612903225806,0.3548387096774194,0.22580645161290322,0.0967741935483871
873,Crystal Palace,17/18,37,25.658101633460976,26.04517453798768,5.16111433601168,0.21621621621621623,0.1891891891891892,183.43243243243242,7.03775745745973,0.3783783783783784,0.5945945945945946,0.02702702702702703,0.918918918918919,0.5945945945945946,29,12170.0,328.9189189189189,0.0,0.6589975349219392,4,1,-6.7231995856225835,-7.4195756331279945,1.0,44.0,26,9,1.1891891891891893,0.7027027027027027,0.10810810810810811,0.2972972972972973,0.2702702702702703,0.08108108108108109
29,Everton FC,17/18,33,26.26660859104391,26.718685831622178,4.497555202182811,0.21212121212121213,0.18181818181818182,181.3030303030303,6.61194396757134,0.15151515151515152,0.8181818181818182,0.030303030303030304,0.9090909090909091,0.48484848484848486,21,11375.0,344.6969696969697,0.0,0.7506813186813187,3,1,-5.453466907265676,-6.083504449007529,0.9696969696969697,42.0,27,10,1.2727272727272727,0.8181818181818182,0.09090909090909091,0.3333333333333333,0.2727272727272727,0.18181818181818182
1110,Huddersfield Town,17/18,27,26.11960351864527,26.12183436002738,4.040433762711852,0.07407407407407407,0.1111111111111111,170.74074074074073,49.72276416645877,0.2222222222222222,0.7037037037037037,0.0,1.0,0.48148148148148145,17,8955.0,331.6666666666667,0.0,0.866108319374651,4,1,-5.8167161000836565,-6.015058179329227,1.0,19.0,18,10,0.7037037037037037,0.6666666666666666,0.1111111111111111,0.3333333333333333,0.3333333333333333,0.1111111111111111
1003,Leicester City,17/18,30,26.12174309833447,27.071868583162217,4.752053146984993,0.26666666666666666,0.3,182.56666666666666,6.1177149967622055,0.2,0.8,0.0,0.8333333333333334,0.5333333333333333,22,9120.0,304.0,0.0,0.7728070175438596,3,1,-6.68929956650696,-7.14031485284052,1.0,53.0,39,10,1.7666666666666666,1.3,0.1,0.26666666666666666,0.3,0.16666666666666666
31,Liverpool FC,17/18,31,24.502030572667124,25.048596851471594,3.829504723527892,0.1935483870967742,0.06451612903225806,182.58064516129033,7.347444878089195,0.16129032258064516,0.8064516129032258,0.03225806451612903,0.8709677419354839,0.3548387096774194,23,18918.0,610.258064516129,185.0,0.5395390633259329,9,2,-5.582919343798988,-6.934976043805612,0.967741935483871,82.0,60,17,2.6451612903225805,1.935483870967742,0.0967741935483871,0.3870967741935484,0.2903225806451613,0.16129032258064516
281,Manchester City,17/18,26,25.294898120360134,25.00205338809035,4.9510274109633485,0.23076923076923078,0.19230769230769232,181.03846153846155,7.480538853482518,0.38461538461538464,0.5769230769230769,0.038461538461538464,0.8076923076923077,0.5384615384615384,22,10225.0,393.2692307692308,136.5,0.7487530562347188,3,1,-5.494340020007371,-6.992470910335387,1.0,103.0,85,19,3.9615384615384617,3.269230769230769,0.07692307692307693,0.38461538461538464,0.2692307692307692,0.11538461538461539
985,Manchester United,17/18,27,26.622354044667528,27.397672826830938,4.501783922864027,0.1111111111111111,0.18518518518518517,184.8148148148148,7.5500231127360795,0.18518518518518517,0.7037037037037037,0.1111111111111111,0.8518518518518519,0.5185185185185185,21,13765.0,509.81481481481484,176.0,0.6977842353795859,4,2,-6.254163814738763,-7.077344284736482,0.9629629629629629,67.0,54,19,2.4814814814814814,2.0,0.1111111111111111,0.37037037037037035,0.3333333333333333,0.14814814814814814
762,Newcastle United,17/18,27,25.494258118488098,25.426420260095824,3.2141722729289186,0.037037037037037035,0.1111111111111111,183.07407407407408,6.0187267112796565,0.2962962962962963,0.7037037037037037,0.0,0.8518518518518519,0.6296296296296297,19,15158.0,561.4074074074074,326.0,0.4992083388309803,7,1,-6.595482546201232,-7.84394250513347,0.9629629629629629,36.0,29,9,1.3333333333333333,1.0740740740740742,0.14814814814814814,0.3333333333333333,0.2222222222222222,0.18518518518518517
180,Southampton FC,17/18,26,25.620597062075504,25.76728268309377,4.151120365338715,0.07692307692307693,0.11538461538461539,183.53846153846155,8.401098829228326,0.23076923076923078,0.7307692307692307,0.038461538461538464,0.9230769230769231,0.38461538461538464,18,15740.0,605.3846153846154,321.5,0.6346251588310038,6,1,-5.794661190965093,-7.049965776865161,0.9615384615384616,36.0,25,8,1.3846153846153846,0.9615384615384616,0.11538461538461539,0.34615384615384615,0.23076923076923078,0.19230769230769232
512,Stoke City,17/18,32,26.200889801505816,25.66324435318275,5.257652953784381,0.21875,0.25,178.53125,33.57993292371636,0.25,0.6875,0.03125,0.875,0.4375,25,15852.0,495.375,0.0,0.7698082260913449,5,4,-5.8484770704996585,-5.998631074606434,1.0,34.0,30,6,1.0625,0.9375,0.09375,0.40625,0.25,0.21875
2288,Swansea City,17/18,28,26.885401388481476,27.596167008898014,4.1118992788597035,0.10714285714285714,0.14285714285714285,176.67857142857142,35.52886523026404,0.14285714285714285,0.8214285714285714,0.0,0.9642857142857143,0.5357142857142857,17,14503.0,517.9642857142857,0.0,0.7691512100944632,5,2,-6.231348391512663,-7.240246406570842,0.9642857142857143,25.0,19,9,0.8928571428571429,0.6785714285714286,0.10714285714285714,0.32142857142857145,0.32142857142857145,0.14285714285714285
148,Tottenham Hotspur,17/18,31,24.682519705901836,24.709103353867214,4.139034139968638,0.1935483870967742,0.16129032258064516,183.29032258064515,6.48687674404818,0.25806451612903225,0.7096774193548387,0.03225806451612903,0.8387096774193549,0.5483870967741935,24,9120.0,294.19354838709677,0.0,0.806030701754386,3,1,-6.330352608686052,-6.915811088295688,0.967741935483871,70.0,54,16,2.2580645161290325,1.7419354838709677,0.12903225806451613,0.3870967741935484,0.22580645161290322,0.12903225806451613
1010,Watford FC,17/18,33,26.862132619832824,26.56536618754278,4.404896734008632,0.12121212121212122,0.30303030303030304,179.36363636363637,32.79464340961244,0.12121212121212122,0.8181818181818182,0.030303030303030304,0.8181818181818182,0.5151515151515151,24,15936.0,482.90909090909093,299.0,0.5540913654618473,7,1,-5.999543691535478,-6.464065708418891,1.0,39.0,29,10,1.1818181818181819,0.8787878787878788,0.12121212121212122,0.3333333333333333,0.2727272727272727,0.21212121212121213
984,West Bromwich Albion,17/18,30,26.432945471138492,27.860369609856264,6.06929245369638,0.3,0.23333333333333334,185.5,4.523882982723946,0.3,0.6666666666666666,0.03333333333333333,0.9333333333333333,0.5333333333333333,17,15387.0,512.9,45.0,0.6294274387469942,8,1,-6.356103125712982,-6.9869952087611225,1.0,31.0,23,10,1.0333333333333334,0.7666666666666667,0.1,0.3,0.3,0.16666666666666666
379,West Ham United,17/18,34,25.318919354189315,25.252566735112936,5.311423441156543,0.29411764705882354,0.20588235294117646,183.08823529411765,7.333475124216653,0.23529411764705882,0.7352941176470589,0.029411764705882353,0.9705882352941176,0.5882352941176471,25,15531.0,456.79411764705884,0.0,0.6936449681282596,6,2,-6.767886620767404,-7.08145106091718,1.0,46.0,32,10,1.3529411764705883,0.9411764705882353,0.08823529411764706,0.35294117647058826,0.23529411764705882,0.20588235294117646
989,AFC Bournemouth,18/19,29,25.357218721234865,24.432580424366872,5.105466037065241,0.20689655172413793,0.1724137931034483,181.3448275862069,8.885284230798076,0.20689655172413793,0.7931034482758621,0.0,0.9310344827586207,0.4827586206896552,18,14124.0,487.0344827586207,180.0,0.6623477768337581,5,3,-4.423894828766316,-5.431895961670089,0.9310344827586207,54.0,44,10,1.8620689655172413,1.5172413793103448,0.10344827586206896,0.3103448275862069,0.2413793103448276,0.20689655172413793
11,Arsenal FC,18/19,31,25.376344086021508,25.911019849418206,5.0537843829971445,0.25806451612903225,0.16129032258064516,183.2258064516129,6.721654942147085,0.22580645161290322,0.7419354838709677,0.03225806451612903,0.9354838709677419,0.5161290322580645,23,14170.0,457.0967741935484,124.0,0.66287932251235,5,2,-4.845554304387185,-5.0568104038329915,1.0,69.0,55,9,2.225806451612903,1.7741935483870968,0.0967741935483871,0.3870967741935484,0.3225806451612903,0.12903225806451613
1237,Brighton & Hove Albion,18/19,25,26.023271731690624,26.581793292265573,3.8451177910164565,0.16,0.16,184.56,6.739683474268902,0.24,0.76,0.0,0.92,0.4,17,16359.0,654.36,193.0,0.7425881777614769,5,4,-4.352416153319645,-5.916495550992471,0.92,34.0,21,7,1.36,0.84,0.12,0.36,0.24,0.16
1132,Burnley FC,18/19,27,27.751159784013996,28.334017796030118,4.8410025633278435,0.14814814814814814,0.2962962962962963,183.22222222222223,7.023769168568493,0.3333333333333333,0.6666666666666666,0.0,0.9629629629629629,0.37037037037037035,13,13335.0,493.8888888888889,63.0,0.7019122609673791,6,1,-5.062488909169264,-5.555099247091033,1.0,43.0,32,8,1.5925925925925926,1.1851851851851851,0.07407407407407407,0.37037037037037035,0.2222222222222222,0.18518518518518517
603,Cardiff City,18/19,28,27.664711058961576,27.603011635865844,2.8695147796267975,0.0,0.17857142857142858,181.42857142857142,6.196944118040472,0.21428571428571427,0.7857142857142857,0.0,0.9285714285714286,0.5,19,13772.0,491.85714285714283,0.0,0.7402701132733082,3,3,-6.143534362562426,-6.16290212183436,0.9642857142857143,33.0,20,10,1.1785714285714286,0.7142857142857143,0.10714285714285714,0.2857142857142857,0.21428571428571427,0.21428571428571427
631,Chelsea FC,18/19,27,26.74271807742034,27.342915811088297,4.640229043588166,0.1111111111111111,0.25925925925925924,182.22222222222223,7.056548150113609,0.1111111111111111,0.8518518518518519,0.037037037037037035,0.9259259259259259,0.4074074074074074,18,17026.0,630.5925925925926,183.0,0.7330553271467168,6,3,-5.391335209268131,-5.084188911704312,1.0,61.0,53,16,2.259259259259259,1.962962962962963,0.07407407407407407,0.3333333333333333,0.2962962962962963,0.1111111111111111
873,Crystal Palace,18/19,29,27.153437654889192,27.66050650239562,4.277234024199599,0.10344827586206896,0.2413793103448276,184.58620689655172,6.310519796222984,0.3103448275862069,0.6551724137931034,0.034482758620689655,0.9310344827586207,0.5172413793103449,22,13697.0,472.3103448275862,90.0,0.6200627874717092,7,1,-6.0760461658287905,-6.420260095824777,1.0,48.0,36,13,1.6551724137931034,1.2413793103448276,0.10344827586206896,0.3103448275862069,0.27586206896551724,0.1724137931034483
29,Everton FC,18/19,27,26.01627500190128,25.032169746748803,4.4405796238673485,0.1111111111111111,0.1111111111111111,182.14814814814815,7.373047087997157,0.14814814814814814,0.8148148148148148,0.037037037037037035,0.8148148148148148,0.3333333333333333,18,16573.0,613.8148148148148,206.0,0.7126651783020576,6,3,-4.275001901285269,-5.045859000684462,0.8888888888888888,53.0,36,14,1.962962962962963,1.3333333333333333,0.07407407407407407,0.37037037037037035,0.25925925925925924,0.2222222222222222
931,Fulham FC,18/19,29,25.411503693738343,25.83436002737851,4.089259640791559,0.1724137931034483,0.13793103448275862,175.6206896551724,34.5784964073498,0.2413793103448276,0.6896551724137931,0.0,0.8275862068965517,0.4827586206896552,22,11831.0,407.9655172413793,0.0,0.8028061871354915,5,3,-5.607684863933535,-6.017796030116359,0.9655172413793104,32.0,21,5,1.103448275862069,0.7241379310344828,0.10344827586206896,0.3448275862068966,0.3103448275862069,0.06896551724137931
1110,Huddersfield Town,18/19,31,24.72447064538209,24.459958932238195,3.970946268438994,0.1935483870967742,0.06451612903225806,171.32258064516128,46.36333831579588,0.16129032258064516,0.7741935483870968,0.0,0.967741935483871,0.5483870967741935,20,17261.0,556.8064516129032,0.0,0.6530907826892995,6,3,-5.389768386655184,-5.916495550992471,1.0,21.0,11,6,0.6774193548387096,0.3548387096774194,0.12903225806451613,0.25806451612903225,0.41935483870967744,0.12903225806451613
1003,Leicester City,18/19,26,26.142789448744278,25.258042436687198,4.557572435027092,0.11538461538461539,0.3076923076923077,181.84615384615384,6.576882590968507,0.19230769230769232,0.7692307692307693,0.038461538461538464,0.8846153846153846,0.5384615384615384,21,15043.0,578.5769230769231,258.0,0.640563717343615,5,1,-5.493918812193967,-6.098562628336756,1.0,48.0,36,10,1.8461538461538463,1.3846153846153846,0.07692307692307693,0.34615384615384615,0.3076923076923077,0.11538461538461539
31,Liverpool FC,18/19,25,25.995893223819298,26.217659137577,3.385099601422545,0.08,0.12,182.08,8.26095232605378,0.2,0.76,0.04,0.76,0.28,16,16270.0,650.8,176.0,0.7017209588199139,5,3,-4.095386721423682,-5.418206707734429,0.88,86.0,58,21,3.44,2.32,0.12,0.32,0.36,0.12
281,Manchester City,18/19,24,26.255532740132328,26.001368925393567,4.53056165216659,0.08333333333333333,0.25,181.125,7.502535803197534,0.4166666666666667,0.5833333333333334,0.0,0.75,0.5,20,14413.0,600.5416666666666,189.0,0.7507111635329217,5,3,-4.638375541866302,-5.529089664613279,0.875,91.0,71,20,3.7916666666666665,2.9583333333333335,0.125,0.375,0.25,0.08333333333333333
985,Manchester United,18/19,29,25.685760815690728,25.4072553045859,5.067731162513577,0.20689655172413793,0.20689655172413793,183.24137931034483,8.148861324547099,0.1724137931034483,0.6896551724137931,0.13793103448275862,0.8620689655172413,0.4827586206896552,21,19771.0,681.7586206896551,232.0,0.6667846846391179,7,5,-5.385258089641011,-6.080766598220397,0.9655172413793104,65.0,45,7,2.2413793103448274,1.5517241379310345,0.10344827586206896,0.3103448275862069,0.41379310344827586,0.10344827586206896
762,Newcastle United,18/19,27,25.593124952467864,26.04517453798768,3.369884577354027,0.1111111111111111,0.037037037037037035,184.11111111111111,5.726680696081439,0.25925925925925924,0.7407407407407407,0.0,0.8148148148148148,0.48148148148148145,21,14282.0,528.9629629629629,0.0,0.7402324604397144,5,2,-5.482698304053541,-6.844626967830253,0.9259259259259259,40.0,33,11,1.4814814814814814,1.2222222222222223,0.1111111111111111,0.4074074074074074,0.2222222222222222,0.14814814814814814
180,Southampton FC,18/19,31,24.74752158265439,24.40520191649555,3.986746502088045,0.1935483870967742,0.0967741935483871,183.51612903225808,8.338149146111245,0.12903225806451613,0.8064516129032258,0.06451612903225806,0.967741935483871,0.3548387096774194,19,18148.0,585.4193548387096,254.0,0.5433656601278378,8,3,-5.41476231480868,-6.061601642710472,0.9354838709677419,44.0,28,7,1.4193548387096775,0.9032258064516129,0.0967741935483871,0.3548387096774194,0.25806451612903225,0.1935483870967742
148,Tottenham Hotspur,18/19,32,25.279175222450377,25.436002737850785,4.386535455822546,0.1875,0.15625,182.625,6.622298597139623,0.21875,0.75,0.03125,0.84375,0.53125,22,15220.0,475.625,157.0,0.7028252299605782,5,2,-5.511379192334018,-6.193018480492813,0.96875,66.0,48,13,2.0625,1.5,0.125,0.34375,0.28125,0.125
1010,Watford FC,18/19,26,27.3303848786395,27.463381245722108,4.845870796458144,0.07692307692307693,0.3076923076923077,177.23076923076923,36.60962462774803,0.19230769230769232,0.7307692307692307,0.038461538461538464,0.8461538461538461,0.5769230769230769,21,15830.0,608.8461538461538,245.5,0.6739734680985471,6,3,-5.280682356657716,-5.916495550992471,1.0,51.0,37,7,1.9615384615384615,1.4230769230769231,0.07692307692307693,0.38461538461538464,0.2692307692307692,0.19230769230769232
379,West Ham United,18/19,30,26.653981291352945,27.642710472279262,4.728891080263845,0.2,0.3,175.86666666666667,33.939838592399944,0.36666666666666664,0.6,0.03333333333333333,0.8333333333333334,0.5333333333333333,24,16590.0,553.0,77.5,0.7098854731766124,7,3,-5.87524526579968,-5.926078028747433,1.0,51.0,36,7,1.7,1.2,0.06666666666666667,0.26666666666666666,0.3,0.16666666666666666
543,Wolverhampton Wanderers,18/19,25,24.368624229979467,24.413415468856947,3.9726728209959608,0.2,0.12,183.48,7.388730157025179,0.36,0.6,0.04,0.96,0.4,15,18905.0,756.2,240.0,0.717006083046813,5,4,-5.928815879534565,-6.067077344284737,0.96,46.0,35,10,1.84,1.4,0.12,0.44,0.16,0.12
989,AFC Bournemouth,19/20,30,24.8415240702715,23.227926078028744,4.8397881212898515,0.16666666666666666,0.1,182.23333333333332,7.262009474601049,0.26666666666666666,0.7,0.03333333333333333,0.9666666666666667,0.4,17,17972.0,599.0666666666667,45.0,0.726964166481193,6,5,-3.768195300022816,-4.769336071184121,0.9,38.0,26,5,1.2666666666666666,0.8666666666666667,0.1,0.3,0.2,0.16666666666666666
11,Arsenal FC,19/20,34,24.420018520755324,24.272416153319647,4.494835177313105,0.29411764705882354,0.17647058823529413,182.94117647058823,7.483076569006321,0.2647058823529412,0.7058823529411765,0.029411764705882353,0.9411764705882353,0.5,23,19219.0,565.2647058823529,203.5,0.5177688745512253,8,2,-4.114989733059548,-4.917180013689254,0.9705882352941176,56.0,38,11,1.6470588235294117,1.1176470588235294,0.08823529411764706,0.4117647058823529,0.2647058823529412,0.11764705882352941
405,Aston Villa,19/20,31,26.31427877503257,26.38466803559206,4.2701669997181595,0.06451612903225806,0.16129032258064516,183.93548387096774,6.816330801200737,0.3870967741935484,0.6129032258064516,0.0,0.8064516129032258,0.3548387096774194,22,17929.0,578.3548387096774,358.0,0.5091193039210218,8,2,-4.351239760658849,-5.538672142368241,1.0,40.0,34,9,1.2903225806451613,1.096774193548387,0.16129032258064516,0.3225806451612903,0.1935483870967742,0.16129032258064516
1237,Brighton & Hove Albion,19/20,28,26.19526742935367,26.766598220396986,4.104707538153344,0.17857142857142858,0.21428571428571427,182.46428571428572,8.328808295251346,0.17857142857142858,0.8214285714285714,0.0,0.9285714285714286,0.5,21,14772.0,527.5714285714286,36.0,0.6647034930950447,6,2,-3.7307128190085064,-4.980150581793293,0.9285714285714286,35.0,26,9,1.25,0.9285714285714286,0.07142857142857142,0.35714285714285715,0.2857142857142857,0.17857142857142858
1132,Burnley FC,19/20,33,25.94561632754651,27.28268309377139,4.733866770168142,0.2727272727272727,0.21212121212121213,184.0,6.96419413859206,0.30303030303030304,0.696969696969697,0.0,0.9696969696969697,0.36363636363636365,16,14356.0,435.030303030303,0.0,0.7842017275006966,5,2,-4.702466139837802,-4.917180013689254,1.0,41.0,31,15,1.2424242424242424,0.9393939393939394,0.12121212121212122,0.36363636363636365,0.24242424242424243,0.15151515151515152
631,Chelsea FC,19/20,30,24.258453114305265,24.140999315537304,5.183509152717342,0.3333333333333333,0.13333333333333333,181.46666666666667,8.245096069507152,0.16666666666666666,0.8,0.03333333333333333,0.9333333333333333,0.5333333333333333,21,14795.0,493.1666666666667,208.0,0.6120986819871578,5,2,-4.5545060460871545,-4.996577686516085,1.0,69.0,51,9,2.3,1.7,0.06666666666666667,0.3333333333333333,0.3,0.13333333333333333
873,Crystal Palace,19/20,31,26.691307323750856,28.150581793292265,4.812030581986979,0.22580645161290322,0.22580645161290322,184.3548387096774,6.113091891434178,0.22580645161290322,0.7419354838709677,0.03225806451612903,0.967741935483871,0.5161290322580645,22,12917.0,416.6774193548387,0.0,0.7276457381744987,4,2,-5.001258528184409,-5.062286105407256,1.0,29.0,24,10,0.9354838709677419,0.7741935483870968,0.0967741935483871,0.3225806451612903,0.2903225806451613,0.12903225806451613
29,Everton FC,19/20,31,25.526395972709814,26.0041067761807,4.989421288897158,0.22580645161290322,0.16129032258064516,184.25806451612902,7.20170230772088,0.22580645161290322,0.7419354838709677,0.03225806451612903,0.8709677419354839,0.3225806451612903,20,12970.0,418.38709677419354,0.0,0.7407093292212799,6,2,-3.2768541211278177,-4.084873374401095,0.9032258064516129,42.0,33,9,1.3548387096774193,1.064516129032258,0.12903225806451613,0.3225806451612903,0.22580645161290322,0.1935483870967742
1003,Leicester City,19/20,26,25.601116200705523,24.153319644079396,4.684654231643078,0.11538461538461539,0.19230769230769232,182.3846153846154,5.980481071465225,0.15384615384615385,0.7692307692307693,0.07692307692307693,0.9615384615384616,0.5,20,14408.0,554.1538461538462,162.0,0.7093975569128262,4,2,-4.447849207602801,-5.152635181382615,0.9230769230769231,64.0,50,13,2.4615384615384617,1.9230769230769231,0.07692307692307693,0.38461538461538464,0.3076923076923077,0.15384615384615385
31,Liverpool FC,19/20,29,25.446563019458292,25.865845311430526,5.015726104098392,0.2413793103448276,0.1724137931034483,182.17241379310346,7.937564242787228,0.1724137931034483,0.7931034482758621,0.034482758620689655,0.7586206896551724,0.27586206896551724,17,12228.0,421.6551724137931,182.0,0.5565914295060517,3,1,-3.5602445183978855,-4.936344969199179,0.8275862068965517,83.0,73,17,2.8620689655172415,2.5172413793103448,0.13793103448275862,0.3103448275862069,0.3448275862068966,0.10344827586206896
281,Manchester City,19/20,27,25.76733338403428,25.177275838466805,5.37861009661592,0.18518518518518517,0.2222222222222222,180.37037037037038,6.7147836218540276,0.4074074074074074,0.5925925925925926,0.0,0.8518518518518519,0.3333333333333333,17,11195.0,414.6296296296296,133.0,0.7536400178651184,4,2,-3.758663523208356,-4.917180013689254,0.8888888888888888,100.0,79,18,3.7037037037037037,2.925925925925926,0.1111111111111111,0.37037037037037035,0.2962962962962963,0.07407407407407407
985,Manchester United,19/20,30,24.96874287018024,24.475017111567418,4.857044582250116,0.2,0.2,182.73333333333332,7.588254687041171,0.13333333333333333,0.7333333333333333,0.13333333333333333,0.9333333333333333,0.5333333333333333,20,16363.0,545.4333333333333,0.0,0.7716800097781581,6,3,-4.2560803102897555,-5.058179329226557,0.9333333333333333,65.0,48,13,2.1666666666666665,1.6,0.1,0.36666666666666664,0.36666666666666664,0.06666666666666667
762,Newcastle United,19/20,32,26.03730321697467,25.890485968514717,3.8142596111849536,0.125,0.15625,182.40625,7.183580628430454,0.34375,0.65625,0.0,0.875,0.5,23,18461.0,576.90625,253.5,0.5658956719570988,6,3,-4.450718685831623,-5.709787816563997,0.9375,38.0,28,11,1.1875,0.875,0.09375,0.4375,0.28125,0.09375
1123,Norwich City,19/20,33,25.29885352498289,26.357289527720738,4.760165419593328,0.21212121212121213,0.18181818181818182,178.15151515151516,32.820650142213445,0.2727272727272727,0.696969696969697,0.0,1.0,0.42424242424242425,20,16874.0,511.3333333333333,0.0,0.7897356880407728,6,5,-5.00902246282123,-5.916495550992471,0.9696969696969697,25.0,20,5,0.7575757575757576,0.6060606060606061,0.12121212121212122,0.30303030303030304,0.36363636363636365,0.12121212121212122
350,Sheffield United,19/20,30,26.992105863563772,26.635181382614647,3.979492496813438,0.03333333333333333,0.2,183.66666666666666,6.839708268296412,0.2,0.8,0.0,1.0,0.4,17,15937.0,531.2333333333333,0.0,0.7101712994917487,5,2,-5.165757983431282,-5.062286105407256,0.9666666666666667,36.0,27,13,1.2,0.9,0.13333333333333333,0.36666666666666664,0.26666666666666666,0.23333333333333334
180,Southampton FC,19/20,31,24.15384955068336,23.523613963039015,4.185074117247906,0.3225806451612903,0.0967741935483871,182.58064516129033,8.090217111006712,0.0967741935483871,0.8387096774193549,0.06451612903225806,0.9354838709677419,0.45161290322580644,20,16679.0,538.0322580645161,0.0,0.7357755261106781,5,4,-4.594113620807667,-5.437371663244353,0.9354838709677419,51.0,34,9,1.6451612903225807,1.096774193548387,0.12903225806451613,0.3225806451612903,0.2903225806451613,0.16129032258064516
148,Tottenham Hotspur,19/20,34,24.64975641180497,23.978097193702943,4.598854415462573,0.2647058823529412,0.11764705882352941,182.02941176470588,6.580436082618929,0.2647058823529412,0.7058823529411765,0.029411764705882353,0.8529411764705882,0.5882352941176471,24,13533.0,398.02941176470586,0.0,0.6835882657208305,6,1,-4.537987679671458,-5.018480492813142,0.9705882352941176,56.0,41,8,1.6470588235294117,1.2058823529411764,0.14705882352941177,0.35294117647058826,0.29411764705882354,0.058823529411764705
1010,Watford FC,19/20,29,27.440156718355407,28.098562628336754,4.975495888986083,0.10344827586206896,0.27586206896551724,177.17241379310346,34.51714787662715,0.13793103448275862,0.7931034482758621,0.034482758620689655,0.8275862068965517,0.5862068965517241,23,12927.0,445.7586206896552,0.0,0.7461901446584668,4,2,-4.514999173924331,-4.950034223134839,1.0,35.0,24,9,1.206896551724138,0.8275862068965517,0.06896551724137931,0.3103448275862069,0.27586206896551724,0.20689655172413793
379,West Ham United,19/20,36,26.322990341470838,26.375085557837096,5.294607532900081,0.2222222222222222,0.3055555555555556,182.25,7.2125882019860645,0.25,0.75,0.0,0.8611111111111112,0.5277777777777778,29,16883.0,468.97222222222223,142.0,0.5694485577207842,6,2,-4.360559738383148,-4.917180013689254,1.0,49.0,39,8,1.3611111111111112,1.0833333333333333,0.1388888888888889,0.3055555555555556,0.2777777777777778,0.1111111111111111
543,Wolverhampton Wanderers,19/20,29,23.772663976020198,22.56810403832991,4.555492268070033,0.3448275862068966,0.10344827586206896,182.31034482758622,7.348971979982069,0.2413793103448276,0.7241379310344828,0.034482758620689655,0.9310344827586207,0.2413793103448276,15,14182.0,489.0344827586207,0.0,0.7655478775913129,5,2,-4.886183631563509,-4.980150581793293,0.9655172413793104,49.0,35,13,1.6896551724137931,1.206896551724138,0.06896551724137931,0.3793103448275862,0.27586206896551724,0.13793103448275862
11,Arsenal FC,20/21,31,25.220286591154974,25.451060917180012,3.976821096141195,0.1935483870967742,0.0967741935483871,182.61290322580646,6.32285494248096,0.25806451612903225,0.7419354838709677,0.0,0.8387096774193549,0.4838709677419355,22,18827.0,607.3225806451613,161.0,0.6158177086099751,7,4,-3.333819081053631,-4.002737850787132,0.9032258064516129,53.0,43,13,1.7096774193548387,1.3870967741935485,0.12903225806451613,0.3548387096774194,0.25806451612903225,0.0967741935483871
405,Aston Villa,20/21,29,25.15414571974793,25.248459958932237,4.063485370711814,0.13793103448275862,0.10344827586206896,183.82758620689654,6.036016694554929,0.3448275862068966,0.6551724137931034,0.0,0.7931034482758621,0.4482758620689655,20,11042.0,380.7586206896552,0.0,0.7567469661293243,4,1,-3.02126554792419,-4.071184120465435,0.896551724137931,52.0,42,15,1.793103448275862,1.4482758620689655,0.10344827586206896,0.3448275862068966,0.27586206896551724,0.10344827586206896
1237,Brighton & Hove Albion,20/21,35,24.37203480981715,23.964407939767284,4.072078395399112,0.2571428571428571,0.05714285714285714,182.45714285714286,8.026950403055276,0.14285714285714285,0.8285714285714286,0.02857142857142857,0.9142857142857143,0.37142857142857144,21,21706.0,620.1714285714286,0.0,0.5749562332995485,7,5,-2.4610931847071478,-3.033538672142368,0.9142857142857143,39.0,27,12,1.1142857142857143,0.7714285714285715,0.14285714285714285,0.2,0.42857142857142855,0.14285714285714285
1132,Burnley FC,20/21,31,26.152657260824444,27.698836413415467,4.919266646992399,0.25806451612903225,0.2903225806451613,183.93548387096774,5.668247723773592,0.3225806451612903,0.6774193548387096,0.0,0.967741935483871,0.3548387096774194,15,18135.0,585.0,0.0,0.6651778329197684,8,3,-3.7759378242918022,-4.172484599589322,1.0,32.0,21,11,1.032258064516129,0.6774193548387096,0.0967741935483871,0.3548387096774194,0.2903225806451613,0.16129032258064516
631,Chelsea FC,20/21,30,25.42413871777322,25.143052703627653,5.109648525151748,0.2,0.13333333333333333,183.6,6.780295995980075,0.2,0.8,0.0,0.9666666666666667,0.5666666666666667,22,15801.0,526.7,334.0,0.6317321688500728,4,3,-3.532375085557837,-3.4989733059548254,0.9666666666666667,56.0,47,18,1.8666666666666667,1.5666666666666667,0.13333333333333333,0.36666666666666664,0.26666666666666666,0.1
873,Crystal Palace,20/21,32,28.00213894592745,29.182751540041068,4.328645786114333,0.09375,0.34375,185.40625,6.791167769788886,0.25,0.71875,0.03125,0.96875,0.53125,23,21385.0,668.28125,45.0,0.6159925181201777,8,5,-3.633384668035592,-4.026009582477755,1.0,39.0,30,8,1.21875,0.9375,0.125,0.375,0.25,0.15625
29,Everton FC,20/21,38,24.43301271659642,24.01095140314853,4.708218955612015,0.3157894736842105,0.15789473684210525,179.3684210526316,30.705595099468727,0.18421052631578946,0.7631578947368421,0.02631578947368421,0.9210526315789473,0.47368421052631576,26,12153.0,319.8157894736842,0.0,0.7236896239611619,4,2,-2.9290680500018014,-3.9383983572895276,0.9210526315789473,45.0,37,13,1.1842105263157894,0.9736842105263158,0.13157894736842105,0.3157894736842105,0.2631578947368421,0.15789473684210525
931,Fulham FC,20/21,33,25.914753282309754,25.87542778918549,3.6683610657632966,0.09090909090909091,0.12121212121212122,182.42424242424244,7.77829633913455,0.2727272727272727,0.696969696969697,0.0,0.9090909090909091,0.7575757575757576,28,15507.0,469.90909090909093,0.0,0.7043915650996324,5,2,-3.3166988156721215,-3.9644079397672827,0.9696969696969697,26.0,21,9,0.7878787878787878,0.6363636363636364,0.09090909090909091,0.36363636363636365,0.2727272727272727,0.12121212121212122
399,Leeds United,20/21,32,23.90947980835044,22.591375770020534,5.126456745877328,0.46875,0.125,181.5,7.400958961404062,0.375,0.625,0.0,1.0,0.46875,20,16412.0,512.875,0.0,0.6812698025834755,7,4,-3.505732375085558,-3.9288158795345653,1.0,60.0,48,12,1.875,1.5,0.09375,0.40625,0.1875,0.125
1003,Leicester City,20/21,31,25.27018612969464,23.82751540041068,5.235980543237947,0.25806451612903225,0.22580645161290322,175.3548387096774,33.046985124311284,0.12903225806451613,0.7419354838709677,0.06451612903225806,0.8387096774193549,0.5161290322580645,26,15217.0,490.8709677419355,0.0,0.6409279095748176,6,2,-3.5511691064449886,-4.076659822039699,0.9354838709677419,63.0,51,11,2.032258064516129,1.6451612903225807,0.06451612903225806,0.3548387096774194,0.3225806451612903,0.12903225806451613
31,Liverpool FC,20/21,35,24.67326971856504,25.13210130047912,4.595408365920086,0.2857142857142857,0.08571428571428572,177.97142857142856,31.98941526623502,0.17142857142857143,0.8285714285714286,0.0,0.7714285714285715,0.3142857142857143,24,18428.0,526.5142857142857,124.0,0.6206859127414803,8,2,-2.652896887707855,-3.9247091033538672,0.8285714285714286,64.0,45,12,1.8285714285714285,1.2857142857142858,0.14285714285714285,0.34285714285714286,0.34285714285714286,0.05714285714285714
281,Manchester City,20/21,33,24.49629767904922,25.333333333333332,5.207036650912502,0.36363636363636365,0.15151515151515152,182.03030303030303,7.04221577561374,0.3333333333333333,0.6666666666666666,0.0,0.8484848484848485,0.3939393939393939,21,15226.0,461.3939393939394,140.0,0.6932877971890188,6,2,-2.4035011304005147,-2.9869952087611225,0.8787878787878788,82.0,56,19,2.484848484848485,1.696969696969697,0.12121212121212122,0.36363636363636365,0.30303030303030304,0.12121212121212122
985,Manchester United,20/21,32,24.76933607118412,24.151950718685832,5.134328296688636,0.25,0.15625,182.9375,6.834152848838714,0.15625,0.71875,0.125,0.9375,0.53125,22,17968.0,561.5,164.5,0.6379118432769367,7,4,-3.423767967145791,-4.067077344284737,0.96875,70.0,60,14,2.1875,1.875,0.125,0.3125,0.28125,0.09375
762,Newcastle United,20/21,29,26.519294767400698,26.72142368240931,3.82676596201517,0.13793103448275862,0.20689655172413793,182.48275862068965,8.109168927187001,0.2413793103448276,0.7586206896551724,0.0,0.9310344827586207,0.5172413793103449,22,16872.0,581.7931034482758,383.0,0.551623992413466,7,2,-3.1140692487431845,-4.914442162902122,0.8620689655172413,44.0,29,7,1.5172413793103448,1.0,0.13793103448275862,0.3103448275862069,0.3103448275862069,0.10344827586206896
350,Sheffield United,20/21,31,24.93669824026849,24.15879534565366,5.307340133772336,0.2903225806451613,0.16129032258064516,183.29032258064515,6.272657854461679,0.2903225806451613,0.7096774193548387,0.0,1.0,0.41935483870967744,18,11126.0,358.9032258064516,0.0,0.7853676074060758,6,1,-4.2716860597764095,-4.091718001368926,0.967741935483871,19.0,16,5,0.6129032258064516,0.5161290322580645,0.0967741935483871,0.45161290322580644,0.16129032258064516,0.25806451612903225
180,Southampton FC,20/21,33,23.938522805052582,22.614647501711158,4.677582669264004,0.30303030303030304,0.15151515151515152,176.0909090909091,32.537827636041214,0.12121212121212122,0.7575757575757576,0.09090909090909091,0.9090909090909091,0.42424242424242425,21,14494.0,439.2121212121212,0.0,0.667241617220919,4,2,-3.3707921100118226,-3.975359342915811,0.9393939393939394,47.0,34,9,1.4242424242424243,1.0303030303030303,0.09090909090909091,0.30303030303030304,0.30303030303030304,0.15151515151515152
148,Tottenham Hotspur,20/21,28,25.52820964114599,25.173169062286107,4.566601917894993,0.10714285714285714,0.17857142857142858,183.5,6.039990188856392,0.25,0.7142857142857143,0.03571428571428571,0.8214285714285714,0.5,22,12918.0,461.35714285714283,0.0,0.7379625328998297,4,2,-3.769629412339885,-4.046543463381246,0.9642857142857143,66.0,55,12,2.357142857142857,1.9642857142857142,0.07142857142857142,0.32142857142857145,0.32142857142857145,0.10714285714285714
984,West Bromwich Albion,20/21,37,26.243113750300612,26.39835728952772,5.257632735670968,0.1891891891891892,0.2702702702702703,179.83783783783784,30.89454600690829,0.21621621621621623,0.7837837837837838,0.0,0.8918918918918919,0.4594594594594595,24,14369.0,388.35135135135135,0.0,0.7065905769364604,6,2,-3.7393862034519123,-4.0657084188911705,1.0,33.0,19,6,0.8918918918918919,0.5135135135135135,0.08108108108108109,0.35135135135135137,0.2702702702702703,0.16216216216216217
379,West Ham United,20/21,30,26.82117271275382,27.37713894592745,5.017556881276975,0.16666666666666666,0.3333333333333333,183.06666666666666,7.390270086676331,0.23333333333333334,0.7333333333333333,0.0,0.9,0.5666666666666667,22,13105.0,436.8333333333333,234.0,0.6109881724532621,4,1,-3.787542778918549,-3.915126625598905,1.0,60.0,47,11,2.0,1.5666666666666667,0.13333333333333333,0.36666666666666664,0.23333333333333334,0.1
543,Wolverhampton Wanderers,20/21,36,23.50140695109894,22.45722108145106,5.017911052314601,0.4166666666666667,0.1388888888888889,182.16666666666666,7.169379331573968,0.2777777777777778,0.6944444444444444,0.027777777777777776,0.9444444444444444,0.3888888888888889,23,23834.0,662.0555555555555,0.0,0.6149198623814719,9,5,-3.836824093086927,-4.454483230663929,0.9722222222222222,34.0,23,11,0.9444444444444444,0.6388888888888888,0.08333333333333333,0.3888888888888889,0.2777777777777778,0.1111111111111111
11,Arsenal FC,21/22,41,23.0336722258393,22.17385352498289,4.190829458663443,0.3902439024390244,0.04878048780487805,183.1951219512195,6.615207903743925,0.2926829268292683,0.7073170731707317,0.0,0.8780487804878049,0.6097560975609756,29,15523.0,378.609756097561,0.0,0.6419506538684533,6,2,-2.721757566651642,-3.1731690622861053,0.9512195121951219,60.0,41,13,1.4634146341463414,1.0,0.0975609756097561,0.4146341463414634,0.24390243902439024,0.12195121951219512
405,Aston Villa,21/22,41,24.203001619338576,24.684462696783026,4.658129821116669,0.3170731707317073,0.07317073170731707,182.78048780487805,6.96962048867064,0.3170731707317073,0.6585365853658537,0.024390243902439025,0.8536585365853658,0.5121951219512195,24,16581.0,404.4146341463415,0.0,0.6310234605874193,6,2,-2.6582527837598704,-3.8329911019849416,0.926829268292683,50.0,43,11,1.2195121951219512,1.048780487804878,0.12195121951219512,0.34146341463414637,0.2926829268292683,0.12195121951219512
1148,Brentford FC,21/22,36,24.009658529165716,23.308692676249144,3.7647952547543446,0.2222222222222222,0.08333333333333333,183.38888888888889,6.941707397125118,0.2222222222222222,0.7777777777777778,0.0,0.9722222222222222,0.4722222222222222,21,17708.0,491.8888888888889,90.0,0.518635644906257,7,2,-2.2381930184804926,-3.0212183436002737,0.9166666666666666,46.0,34,9,1.2777777777777777,0.9444444444444444,0.1388888888888889,0.3055555555555556,0.3055555555555556,0.1111111111111111
1237,Brighton & Hove Albion,21/22,35,24.22239170822333,23.028062970568104,4.364493980909833,0.2857142857142857,0.11428571428571428,183.28571428571428,8.91981082815572,0.17142857142857143,0.7714285714285715,0.02857142857142857,0.9142857142857143,0.45714285714285713,26,20742.0,592.6285714285714,0.0,0.6746215408350207,8,5,-1.594446074117532,-2.0342231348391513,0.8571428571428571,40.0,31,11,1.1428571428571428,0.8857142857142857,0.11428571428571428,0.2857142857142857,0.3142857142857143,0.2
1132,Burnley FC,21/22,32,27.374058863791923,29.117043121149898,5.631270069304731,0.25,0.40625,178.09375,33.313137363024545,0.3125,0.625,0.0,0.96875,0.3125,14,18571.0,580.34375,90.0,0.6184911959506758,6,2,-2.8205852156057496,-3.2963723477070497,1.0,32.0,26,9,1.0,0.8125,0.125,0.34375,0.1875,0.1875
631,Chelsea FC,21/22,31,25.95482546201232,26.694045174537987,4.157679147668471,0.0967741935483871,0.12903225806451613,183.96774193548387,6.585255606113514,0.3548387096774194,0.6451612903225806,0.0,0.9354838709677419,0.5806451612903226,23,13661.0,440.6774193548387,215.0,0.5856818680916478,3,2,-2.6204764743547284,-2.940451745379877,0.967741935483871,75.0,60,16,2.4193548387096775,1.935483870967742,0.0967741935483871,0.3870967741935484,0.25806451612903225,0.0967741935483871
873,Crystal Palace,21/22,30,25.96121378051563,25.730321697467488,5.031813381720641,0.23333333333333334,0.3,184.8,5.529856268008019,0.3,0.6666666666666666,0.03333333333333333,0.9666666666666667,0.5666666666666667,21,9213.0,307.1,0.0,0.6847932269619017,2,1,-2.476933607118412,-2.9924709103353866,0.9666666666666667,50.0,33,13,1.6666666666666667,1.1,0.1,0.3333333333333333,0.26666666666666666,0.16666666666666666
29,Everton FC,21/22,40,25.016974674880217,24.577686516084874,4.95020502329568,0.275,0.2,180.35,29.913164926123013,0.2,0.775,0.0,0.875,0.475,27,15344.0,383.6,0.0,0.5995828988529719,6,2,-2.1069815195071873,-3.028062970568104,0.9,42.0,30,8,1.05,0.75,0.1,0.3,0.275,0.15
399,Leeds United,21/22,33,23.216476883828012,21.973990417522245,4.564591686402626,0.42424242424242425,0.09090909090909091,176.6060606060606,32.44412446223834,0.45454545454545453,0.5454545454545454,0.0,1.0,0.5151515151515151,22,15588.0,472.3636363636364,0.0,0.7427508339748524,5,4,-2.7111360006637213,-2.937713894592745,0.9393939393939394,42.0,29,5,1.2727272727272727,0.8787878787878788,0.06060606060606061,0.36363636363636365,0.30303030303030304,0.12121212121212122
1003,Leicester City,21/22,31,25.968073127111346,24.687200547570157,4.914919196739404,0.1935483870967742,0.1935483870967742,182.38709677419354,6.5963495932969805,0.12903225806451613,0.7419354838709677,0.0967741935483871,0.9032258064516129,0.5483870967741935,23,13247.0,427.3225806451613,0.0,0.7577564731637352,5,3,-2.149566138968007,-2.9623545516769334,0.9032258064516129,61.0,45,7,1.967741935483871,1.4516129032258065,0.0967741935483871,0.3870967741935484,0.2903225806451613,0.16129032258064516
31,Liverpool FC,21/22,35,24.79413777831461,24.602327173169062,4.9407050167489075,0.2857142857142857,0.14285714285714285,182.74285714285713,7.739671892813245,0.17142857142857143,0.8285714285714286,0.0,0.7714285714285715,0.34285714285714286,24,13582.0,388.0571428571429,59.0,0.6277426005006627,5,1,-1.642388372186657,-2.9349760438056127,0.7714285714285715,94.0,77,21,2.6857142857142855,2.2,0.11428571428571428,0.37142857142857144,0.2857142857142857,0.05714285714285714
281,Manchester City,21/22,33,24.508825420529732,25.1088295687885,5.268016096727851,0.3333333333333333,0.18181818181818182,181.6060606060606,6.169174346799751,0.3939393939393939,0.5757575757575758,0.0,0.8484848484848485,0.45454545454545453,19,13330.0,403.93939393939394,136.0,0.7192048012003001,4,2,-1.9453674320204095,-3.4195756331279945,0.8484848484848485,96.0,64,21,2.909090909090909,1.9393939393939394,0.12121212121212122,0.3333333333333333,0.2727272727272727,0.09090909090909091
985,Manchester United,21/22,36,25.5254391968971,25.619438740588638,5.284005307292576,0.25,0.16666666666666666,182.72222222222223,6.4922420125258995,0.19444444444444445,0.6944444444444444,0.1111111111111111,0.9444444444444444,0.5277777777777778,24,15114.0,419.8333333333333,0.0,0.7614794230514754,5,3,-2.253099094988212,-3.054072553045859,0.8888888888888888,56.0,47,8,1.5555555555555556,1.3055555555555556,0.08333333333333333,0.3055555555555556,0.3055555555555556,0.08333333333333333
762,Newcastle United,21/22,33,27.175740982722505,27.471594798083505,3.9208942369811415,0.09090909090909091,0.21212121212121213,177.4848484848485,32.676560035560286,0.24242424242424243,0.7575757575757576,0.0,0.9090909090909091,0.5454545454545454,24,18744.0,568.0,215.0,0.4820742637644046,9,2,-1.9894219401406261,-3.5017111567419574,0.8181818181818182,41.0,24,8,1.2424242424242424,0.7272727272727273,0.12121212121212122,0.3333333333333333,0.3333333333333333,0.09090909090909091
1123,Norwich City,21/22,34,24.0513749647703,23.38672142368241,4.920595831099447,0.35294117647058826,0.11764705882352941,182.7058823529412,6.721874791530445,0.23529411764705882,0.7647058823529411,0.0,0.9117647058823529,0.38235294117647056,21,18187.0,534.9117647058823,0.0,0.6997855611150822,6,5,-2.899706083665499,-3.1033538672142367,0.9705882352941176,21.0,18,6,0.6176470588235294,0.5294117647058824,0.11764705882352941,0.3235294117647059,0.2647058823529412,0.11764705882352941
180,Southampton FC,21/22,30,25.117043121149894,24.386036960985628,5.5222440781127515,0.2,0.16666666666666666,181.86666666666667,7.006072899368403,0.13333333333333333,0.8,0.06666666666666667,0.9,0.4666666666666667,22,15396.0,513.2,90.0,0.6434788256690049,6,2,-2.374264202600958,-2.9582477754962353,0.9333333333333333,41.0,30,8,1.3666666666666667,1.0,0.13333333333333333,0.3333333333333333,0.2,0.13333333333333333
148,Tottenham Hotspur,21/22,35,24.05061112740784,23.813826146475016,4.04987883062309,0.2571428571428571,0.05714285714285714,182.4857142857143,6.621584262943461,0.2857142857142857,0.6857142857142857,0.02857142857142857,0.8285714285714286,0.5142857142857142,27,16692.0,476.9142857142857,0.0,0.7005751258087707,5,3,-2.529461230077246,-2.9842573579739904,0.9714285714285714,63.0,52,16,1.8,1.4857142857142858,0.08571428571428572,0.34285714285714286,0.37142857142857144,0.05714285714285714
1010,Watford FC,21/22,39,25.931729233577283,26.360027378507873,5.792025649622996,0.2564102564102564,0.3076923076923077,177.92307692307693,29.99156426606498,0.28205128205128205,0.717948717948718,0.0,0.7692307692307693,0.5384615384615384,29,10600.0,271.79487179487177,0.0,0.809433962264151,5,1,-2.7159479808350446,-2.940451745379877,1.0,33.0,25,4,0.8461538461538461,0.6410256410256411,0.10256410256410256,0.3076923076923077,0.23076923076923078,0.20512820512820512
379,West Ham United,21/22,31,26.00763948687377,25.976728268309376,5.344301483048663,0.22580645161290322,0.25806451612903225,177.70967741935485,33.75025288634847,0.25806451612903225,0.7096774193548387,0.0,0.967741935483871,0.6774193548387096,21,17828.0,575.0967741935484,273.0,0.6373681848777204,6,3,-2.7026119979686913,-2.915811088295688,0.9354838709677419,58.0,49,8,1.8709677419354838,1.5806451612903225,0.0967741935483871,0.3870967741935484,0.3225806451612903,0.03225806451612903
543,Wolverhampton Wanderers,21/22,34,24.208076659822037,22.672142368240934,4.958704292003546,0.29411764705882354,0.17647058823529413,182.73529411764707,7.3083962653566825,0.2647058823529412,0.6764705882352942,0.029411764705882353,0.8823529411764706,0.4117647058823529,20,17517.0,515.2058823529412,0.0,0.6076953816292744,6,2,-2.6055481740951003,-2.9787816563997263,1.0,35.0,24,11,1.0294117647058822,0.7058823529411765,0.11764705882352941,0.4411764705882353,0.20588235294117646,0.08823529411764706
989,AFC Bournemouth,22/23,42,24.510935106417648,24.73100616016427,4.442110337519648,0.2857142857142857,0.09523809523809523,177.9047619047619,28.80109205569234,0.2857142857142857,0.6904761904761905,0.0,0.9047619047619048,0.6190476190476191,26,10846.0,258.23809523809524,0.0,0.7149179420984695,5,1,-1.0027704442488836,-1.9575633127994525,0.8809523809523809,37.0,24,8,0.8809523809523809,0.5714285714285714,0.11904761904761904,0.3333333333333333,0.19047619047619047,0.14285714285714285
11,Arsenal FC,22/23,35,23.528542094455855,23.173169062286107,4.08305834084649,0.2571428571428571,0.08571428571428572,181.02857142857144,6.710333183126709,0.37142857142857144,0.6285714285714286,0.0,0.8,0.45714285714285713,27,14262.0,407.48571428571427,0.0,0.6615481699621372,5,2,-1.6594504742348686,-2.847364818617385,0.8571428571428571,84.0,68,14,2.4,1.9428571428571428,0.08571428571428572,0.3142857142857143,0.3142857142857143,0.08571428571428572
405,Aston Villa,22/23,38,24.594617961742138,25.290896646132786,5.114893395760466,0.34210526315789475,0.10526315789473684,177.8684210526316,30.42151714736878,0.2894736842105263,0.631578947368421,0.02631578947368421,0.868421052631579,0.42105263157894735,26,15955.0,419.86842105263156,0.0,0.7850830460670636,5,4,-1.4495478943765985,-2.028747433264887,0.8157894736842105,49.0,36,14,1.2894736842105263,0.9473684210526315,0.15789473684210525,0.3684210526315789,0.2894736842105263,0.10526315789473684
1148,Brentford FC,22/23,32,24.36079739904175,24.258726899383984,3.960993288456544,0.25,0.09375,182.75,7.483314773547883,0.21875,0.71875,0.03125,0.9375,0.40625,21,10256.0,320.5,0.0,0.7720358814352574,3,1,-0.9952087611225188,-1.9274469541409993,0.8125,56.0,40,12,1.75,1.25,0.0625,0.375,0.3125,0.09375
1237,Brighton & Hove Albion,22/23,35,23.646660799843552,22.351813826146476,4.777155885774053,0.4,0.17142857142857143,180.37142857142857,7.368796351091917,0.17142857142857143,0.7714285714285715,0.05714285714285714,0.8857142857142857,0.4857142857142857,25,17956.0,513.0285714285715,0.0,0.7422588549788371,6,5,-0.5040774420651218,-1.0841889117043122,0.8,68.0,54,12,1.9428571428571428,1.542857142857143,0.08571428571428572,0.3142857142857143,0.34285714285714286,0.11428571428571428
631,Chelsea FC,22/23,39,24.566664911634113,23.07460643394935,4.91109432962859,0.23076923076923078,0.20512820512820512,182.30769230769232,6.8754094467696065,0.2564102564102564,0.7435897435897436,0.0,0.8974358974358975,0.6410256410256411,31,15014.0,384.97435897435895,0.0,0.5065272412415079,4,1,-1.5487811298899596,-1.0841889117043122,0.9487179487179487,37.0,29,10,0.9487179487179487,0.7435897435897436,0.07692307692307693,0.3333333333333333,0.3076923076923077,0.1282051282051282
873,Crystal Palace,22/23,35,24.69721325902024,22.915811088295687,5.464902260550301,0.34285714285714286,0.2,184.85714285714286,5.451081150953975,0.2571428571428571,0.7142857142857143,0.02857142857142857,0.9142857142857143,0.6,26,17191.0,491.1714285714286,0.0,0.708277587109534,5,4,-1.7907890877090054,-2.5023956194387407,0.9142857142857143,38.0,29,9,1.0857142857142856,0.8285714285714286,0.14285714285714285,0.2571428571428571,0.37142857142857144,0.11428571428571428
29,Everton FC,22/23,39,25.801646220537393,25.7741273100616,5.56379134071922,0.23076923076923078,0.1794871794871795,179.69230769230768,30.184654384701616,0.15384615384615385,0.7948717948717948,0.0,0.8717948717948718,0.5384615384615384,25,19645.0,503.71794871794873,0.0,0.6633749045558667,7,4,-1.1381737131223788,-2.2888432580424367,0.8974358974358975,32.0,25,9,0.8205128205128205,0.6410256410256411,0.10256410256410256,0.3333333333333333,0.3076923076923077,0.1282051282051282
931,Fulham FC,22/23,37,25.416504800488372,25.631759069130734,4.657317807591718,0.24324324324324326,0.1891891891891892,172.6216216216216,42.59782946436444,0.1891891891891892,0.7297297297297297,0.0,0.8108108108108109,0.6486486486486487,28,18560.0,501.6216216216216,0.0,0.6900862068965518,6,5,-1.3822446676656122,-2.0177960301163584,0.8648648648648649,52.0,36,9,1.4054054054054055,0.972972972972973,0.08108108108108109,0.2972972972972973,0.2972972972972973,0.13513513513513514
399,Leeds United,22/23,35,23.742720250317788,23.123887748117728,4.680078808140021,0.37142857142857144,0.17142857142857143,178.28571428571428,31.774547183862367,0.4,0.5714285714285714,0.0,0.8857142857142857,0.5714285714285714,25,16399.0,468.54285714285714,0.0,0.6443685590584792,7,3,-1.703177862520778,-2.00684462696783,0.8857142857142857,45.0,33,5,1.2857142857142858,0.9428571428571428,0.08571428571428572,0.34285714285714286,0.2571428571428571,0.14285714285714285
1003,Leicester City,22/23,33,25.59741148652853,25.034907597535934,4.448966571227733,0.15151515151515152,0.15151515151515152,177.3030303030303,32.53410215497429,0.15151515151515152,0.7272727272727273,0.09090909090909091,0.8787878787878788,0.42424242424242425,23,14187.0,429.90909090909093,0.0,0.6339606682173821,5,2,-1.4097442598469292,-1.9822039698836413,0.8787878787878788,48.0,39,7,1.4545454545454546,1.1818181818181819,0.09090909090909091,0.3939393939393939,0.2727272727272727,0.12121212121212122
31,Liverpool FC,22/23,35,25.083705761565405,25.277207392197127,5.280569191377978,0.2571428571428571,0.2,182.94285714285715,7.918492344405173,0.17142857142857143,0.8285714285714286,0.0,0.7714285714285715,0.2571428571428571,21,11009.0,314.54285714285714,0.0,0.7670996457443909,4,1,-0.742440713451705,-1.9835728952772074,0.7428571428571429,71.0,59,14,2.0285714285714285,1.6857142857142857,0.11428571428571428,0.34285714285714286,0.34285714285714286,0.05714285714285714
281,Manchester City,22/23,32,24.86113963039014,25.661875427789184,5.112939471411296,0.3125,0.15625,181.6875,7.359161505532823,0.4375,0.5625,0.0,0.96875,0.5625,21,10717.0,334.90625,0.0,0.7512363534571243,3,1,-0.7370807665982204,-1.9315537303216974,0.78125,92.0,73,13,2.875,2.28125,0.09375,0.34375,0.34375,0.09375
985,Manchester United,22/23,37,25.426864235899142,24.750171115674195,5.154050485344279,0.21621621621621623,0.16216216216216217,183.21621621621622,7.1497285695765145,0.10810810810810811,0.8378378378378378,0.05405405405405406,0.918918918918919,0.40540540540540543,25,16804.0,454.1621621621622,0.0,0.7326231849559629,6,5,-1.1554470281369664,-2.0342231348391513,0.8648648648648649,56.0,45,17,1.5135135135135136,1.2162162162162162,0.16216216216216217,0.2972972972972973,0.2702702702702703,0.08108108108108109
762,Newcastle United,22/23,32,27.219455852156056,28.33675564681725,4.198932982643849,0.09375,0.375,184.0,8.028176187853989,0.21875,0.78125,0.0,0.90625,0.46875,21,20210.0,631.5625,52.5,0.7645719940623453,6,5,-0.5583504449007529,-0.9527720739219713,0.8125,64.0,47,15,2.0,1.46875,0.15625,0.34375,0.25,0.09375
703,Nottingham Forest,22/23,40,26.663997262149213,25.63586584531143,4.684108804333454,0.075,0.3,183.5,6.891094215520456,0.25,0.725,0.0,0.85,0.5,26,14948.0,373.7,0.0,0.6165373294086165,6,1,-1.7507186858316222,-1.943874058863792,0.975,36.0,22,9,0.9,0.55,0.125,0.325,0.325,0.175
180,Southampton FC,22/23,40,24.229089664613277,24.747433264887064,5.355167602747922,0.375,0.125,172.225,40.53709127738163,0.125,0.775,0.05,0.85,0.4,24,18132.0,453.3,0.0,0.613170086035738,5,4,-1.656810403832991,-2.915811088295688,0.95,36.0,26,4,0.9,0.65,0.075,0.35,0.225,0.15
148,Tottenham Hotspur,22/23,33,24.96330865119366,24.262833675564682,4.758694749524105,0.21212121212121213,0.15151515151515152,177.24242424242425,32.42205104461151,0.21212121212121213,0.7272727272727273,0.06060606060606061,0.7272727272727273,0.36363636363636365,22,15743.0,477.06060606060606,145.0,0.5357936860827034,8,2,-1.1918777093315083,-1.5003422313483916,0.9393939393939394,68.0,49,10,2.0606060606060606,1.4848484848484849,0.09090909090909091,0.3333333333333333,0.30303030303030304,0.06060606060606061
379,West Ham United,22/23,32,26.46663244353183,26.098562628336758,4.93529216780236,0.15625,0.21875,182.96875,7.433509026806445,0.25,0.71875,0.03125,0.96875,0.59375,24,11999.0,374.96875,0.0,0.6382198516543045,3,1,-1.833504449007529,-2.43668720054757,0.90625,41.0,27,12,1.28125,0.84375,0.15625,0.34375,0.25,0.125
543,Wolverhampton Wanderers,22/23,39,25.20676038540515,25.06776180698152,4.578615232306527,0.20512820512820512,0.15384615384615385,177.48717948717947,30.20009741607833,0.15384615384615385,0.7692307692307693,0.02564102564102564,0.8461538461538461,0.4358974358974359,25,16406.0,420.6666666666667,0.0,0.5877118127514324,6,2,-1.6843546237256386,-2.2245037645448322,0.8974358974358975,28.0,14,11,0.717948717948718,0.358974358974359,0.07692307692307693,0.3076923076923077,0.3333333333333333,0.15384615384615385
989,AFC Bournemouth,23/24,37,24.762380450265464,24.361396303901437,4.2378132649131635,0.1891891891891892,0.10810810810810811,181.97297297297297,6.75971106584399,0.32432432432432434,0.6486486486486487,0.02702702702702703,0.8378378378378378,0.6216216216216216,26,12544.0,339.02702702702703,0.0,0.7295121173469388,4,2,-0.37952531587028504,-1.9164955509924708,0.8378378378378378,52.0,43,9,1.4054054054054055,1.162162162162162,0.13513513513513514,0.2702702702702703,0.2972972972972973,0.08108108108108109
11,Arsenal FC,23/24,32,23.91298767967146,23.890485968514717,4.080363229433995,0.21875,0.125,175.84375,32.75333952439048,0.28125,0.65625,0.0,0.8125,0.46875,26,12471.0,389.71875,160.5,0.6431721594098309,3,1,-0.29748459958932233,-0.9705681040383299,0.75,86.0,76,18,2.6875,2.375,0.09375,0.34375,0.3125,0.09375
405,Aston Villa,23/24,39,24.402604468312884,24.082135523613964,4.59874837487995,0.3076923076923077,0.1794871794871795,174.0,41.60528812542944,0.358974358974359,0.5897435897435898,0.0,0.8717948717948718,0.4358974358974359,26,15806.0,405.28205128205127,0.0,0.6836644312286474,5,3,-0.6174204531494061,-1.9164955509924708,0.7948717948717948,72.0,65,9,1.8461538461538463,1.6666666666666667,0.20512820512820512,0.28205128205128205,0.3076923076923077,0.07692307692307693
1148,Brentford FC,23/24,37,24.34126940081766,24.10403832991102,4.2268685931159355,0.2702702702702703,0.10810810810810811,178.45945945945945,31.20861223248284,0.21621621621621623,0.6756756756756757,0.08108108108108109,0.8918918918918919,0.4594594594594595,26,20656.0,558.2702702702703,165.0,0.5933869093725794,8,3,0.026194572395804444,-0.9308692676249144,0.6756756756756757,54.0,42,7,1.4594594594594594,1.135135135135135,0.10810810810810811,0.35135135135135137,0.35135135135135137,0.08108108108108109
1237,Brighton & Hove Albion,23/24,39,23.78034012530932,21.579739904175224,5.457447923038678,0.48717948717948717,0.1794871794871795,172.23076923076923,41.20198100657779,0.23076923076923078,0.7435897435897436,0.02564102564102564,0.8205128205128205,0.4358974358974359,26,10213.0,261.87179487179486,0.0,0.6597473807891903,3,0,-0.06641043191351191,-1.5030800821355237,0.7948717948717948,50.0,43,6,1.2820512820512822,1.1025641025641026,0.05128205128205128,0.3076923076923077,0.3333333333333333,0.1282051282051282
1132,Burnley FC,23/24,33,24.79472341484662,24.177960301163587,4.0637035246835795,0.18181818181818182,0.09090909090909091,182.54545454545453,7.7865706070247525,0.18181818181818182,0.7878787878787878,0.030303030303030304,0.8787878787878788,0.5757575757575758,29,18102.0,548.5454545454545,208.0,0.5683349906087725,7,3,-1.099869329848796,-1.1745379876796715,0.9393939393939394,40.0,34,2,1.2121212121212122,1.0303030303030303,0.09090909090909091,0.3333333333333333,0.18181818181818182,0.15151515151515152
631,Chelsea FC,23/24,48,21.53182751540041,20.491444216290212,4.047878470597662,0.5625,0.041666666666666664,177.02083333333334,37.97394940394445,0.25,0.7083333333333334,0.0,0.8541666666666666,0.5833333333333334,31,14660.0,305.4166666666667,0.0,0.6400409276944066,5,1,-0.8796073805466963,-1.3826146475017111,0.875,76.0,60,8,1.5833333333333333,1.25,0.14583333333333334,0.3333333333333333,0.3125,0.125
873,Crystal Palace,23/24,37,24.41918715430009,23.561943874058862,4.800543306686891,0.3783783783783784,0.16216216216216217,169.6216216216216,51.33298233178231,0.32432432432432434,0.6486486486486487,0.0,0.8648648648648649,0.5405405405405406,22,13225.0,357.43243243243245,0.0,0.7274858223062382,6,2,-0.634663410844109,-1.0622861054072552,0.7567567567567568,56.0,46,10,1.5135135135135136,1.2432432432432432,0.10810810810810811,0.2702702702702703,0.32432432432432434,0.13513513513513514
29,Everton FC,23/24,32,25.803302532511978,24.836413415468858,5.514724416510403,0.21875,0.25,184.28125,6.830833203794726,0.21875,0.6875,0.03125,0.9375,0.5,19,18105.0,565.78125,113.5,0.6697597348798674,6,3,0.2049965776865161,-1.2908966461327858,0.6875,40.0,21,13,1.25,0.65625,0.125,0.3125,0.25,0.15625
931,Fulham FC,23/24,34,26.04364456254781,26.798083504449007,4.799422362145447,0.20588235294117646,0.17647058823529413,183.35294117647058,6.618991742962415,0.23529411764705882,0.7647058823529411,0.0,0.7352941176470589,0.6176470588235294,28,18000.0,529.4117647058823,165.5,0.6298333333333334,6,3,-0.26186737528687043,-0.9486652977412731,0.8235294117647058,54.0,44,10,1.588235294117647,1.2941176470588236,0.058823529411764705,0.3235294117647059,0.29411764705882354,0.17647058823529413
31,Liverpool FC,23/24,38,23.330558484562587,22.49965776865161,5.178027676208017,0.4473684210526316,0.15789473684210525,178.60526315789474,30.558353105549894,0.18421052631578946,0.7631578947368421,0.02631578947368421,0.868421052631579,0.4473684210526316,30,14306.0,376.4736842105263,0.0,0.5673144135327834,5,1,0.27260114323769363,-0.917180013689254,0.6842105263157895,80.0,69,10,2.1052631578947367,1.8157894736842106,0.13157894736842105,0.34210526315789475,0.2894736842105263,0.05263157894736842
1031,Luton Town,23/24,38,25.222306279044638,25.436002737850785,4.899152916872402,0.21052631578947367,0.13157894736842105,164.07894736842104,57.215279370607064,0.2631578947368421,0.5526315789473685,0.0,0.9210526315789473,0.42105263157894735,21,16675.0,438.8157894736842,0.0,0.5973613193403299,7,2,-1.072589070211463,-1.9164955509924708,0.9210526315789473,49.0,37,3,1.2894736842105263,0.9736842105263158,0.07894736842105263,0.34210526315789475,0.3684210526315789,0.15789473684210525
281,Manchester City,23/24,30,25.448870636550307,25.571526351813826,4.995040213358195,0.23333333333333334,0.13333333333333333,180.8,6.920235196322,0.4,0.6,0.0,1.0,0.5,20,12049.0,401.6333333333333,196.5,0.6373142999419039,5,1,0.27442391056354104,-0.08487337440109514,0.6666666666666666,94.0,76,17,3.1333333333333333,2.533333333333333,0.1,0.3,0.36666666666666664,0.06666666666666667
985,Manchester United,23/24,41,24.339092836513583,24.555783709787818,5.059301670220157,0.36585365853658536,0.14634146341463414,175.14634146341464,40.6100732427373,0.21951219512195122,0.7317073170731707,0.024390243902439025,0.9024390243902439,0.4634146341463415,28,16599.0,404.8536585365854,0.0,0.5840713295981685,7,1,-0.36433448523396933,-1.08145106091718,0.7804878048780488,57.0,41,9,1.3902439024390243,1.0,0.14634146341463414,0.34146341463414637,0.2682926829268293,0.07317073170731707
762,Newcastle United,23/24,35,25.963899481763956,25.752224503764545,5.2109824420373405,0.2857142857142857,0.2857142857142857,178.74285714285713,31.89628676262642,0.2571428571428571,0.7428571428571429,0.0,0.9428571428571428,0.4,22,17081.0,488.0285714285714,264.0,0.4825244423628593,7,1,0.3210325608682898,-0.019164955509924708,0.6571428571428571,83.0,63,11,2.3714285714285714,1.8,0.11428571428571428,0.34285714285714286,0.2857142857142857,0.11428571428571428
703,Nottingham Forest,23/24,41,25.77646449975793,25.691991786447637,4.772726868103669,0.17073170731707318,0.21951219512195122,180.02439024390245,29.49871845087346,0.1951219512195122,0.7804878048780488,0.024390243902439025,0.7317073170731707,0.6585365853658537,34,15616.0,380.8780487804878,0.0,0.5279200819672131,7,0,-0.753643511794461,-0.9253935660506503,0.926829268292683,49.0,44,4,1.1951219512195121,1.0731707317073171,0.12195121951219512,0.3170731707317073,0.3170731707317073,0.17073170731707318
350,Sheffield United,23/24,42,24.167595580326584,23.17180013689254,4.688885717870463,0.30952380952380953,0.16666666666666666,173.54761904761904,39.83086337401724,0.2857142857142857,0.6190476190476191,0.07142857142857142,0.9047619047619048,0.5714285714285714,29,14865.0,353.92857142857144,0.0,0.7375714766229398,5,3,-1.2191449224553845,-1.4537987679671458,0.9285714285714286,31.0,25,1,0.7380952380952381,0.5952380952380952,0.09523809523809523,0.35714285714285715,0.3333333333333333,0.19047619047619047
148,Tottenham Hotspur,23/24,36,24.302456460567345,24.28336755646817,4.562929963807005,0.2777777777777778,0.1111111111111111,174.0,43.29170161325873,0.19444444444444445,0.6944444444444444,0.05555555555555555,0.75,0.3888888888888889,26,13245.0,367.9166666666667,0.0,0.5957719894299736,6,1,-0.3288463000988668,-0.7214236824093088,0.8333333333333334,69.0,64,7,1.9166666666666667,1.7777777777777777,0.1111111111111111,0.3055555555555556,0.25,0.1111111111111111
379,West Ham United,23/24,32,26.228524982888434,26.850102669404517,5.304782206177916,0.21875,0.21875,182.3125,6.972006236926494,0.34375,0.625,0.03125,0.90625,0.5,22,16070.0,502.1875,16.0,0.7209707529558183,5,3,-1.0448323066392882,-1.9164955509924708,0.875,58.0,47,5,1.8125,1.46875,0.09375,0.375,0.28125,0.125
543,Wolverhampton Wanderers,23/24,39,23.490900156197895,22.247775496235455,4.727277126894456,0.38461538461538464,0.1282051282051282,164.33333333333334,56.735458759947946,0.23076923076923078,0.5897435897435898,0.02564102564102564,0.8461538461538461,0.5128205128205128,25,16643.0,426.7435897435897,0.0,0.6648440785916001,7,3,-0.7463802453535515,-0.9308692676249144,0.8717948717948718,47.0,41,6,1.205128205128205,1.0512820512820513,0.07692307692307693,0.3333333333333333,0.3333333333333333,0.1794871794871795
989,AFC Bournemouth,24/25,36,23.946231652597156,24.511978097193705,4.177466738793602,0.3055555555555556,0.05555555555555555,176.52777777777777,31.00920242316198,0.2777777777777778,0.6111111111111112,0.08333333333333333,0.7222222222222222,0.5555555555555556,27,12573.0,349.25,0.0,0.740634693390599,4,2,0.7330595482546202,-0.4298425735797399,0.6944444444444444,57.0,48,9,1.5833333333333333,1.3333333333333333,0.1388888888888889,0.3055555555555556,0.19444444444444445,0.1388888888888889
11,Arsenal FC,24/25,38,23.978241291112788,24.55167693360712,4.705001112703546,0.3157894736842105,0.07894736842105263,172.6578947368421,41.708950569514954,0.3157894736842105,0.6052631578947368,0.0,0.868421052631579,0.5,27,15322.0,403.2105263157895,0.0,0.6429969977809685,5,2,0.4744407219280232,-0.03148528405201917,0.6842105263157895,67.0,59,13,1.763157894736842,1.5526315789473684,0.13157894736842105,0.3684210526315789,0.23684210526315788,0.10526315789473684
405,Aston Villa,24/25,34,25.213834198977334,25.963039014373717,4.557876946958046,0.23529411764705882,0.17647058823529413,179.2941176470588,32.344293123868226,0.23529411764705882,0.7058823529411765,0.0,0.8823529411764706,0.5588235294117647,25,17777.0,522.8529411764706,94.0,0.6108454744895089,9,3,0.8162016346579699,0.08487337440109514,0.6764705882352942,56.0,50,10,1.6470588235294117,1.4705882352941178,0.11764705882352941,0.35294117647058826,0.29411764705882354,0.058823529411764705
1148,Brentford FC,24/25,32,23.91777891854894,23.166324435318273,4.220702042283816,0.25,0.125,183.65625,8.859510563194494,0.1875,0.71875,0.09375,0.8125,0.4375,24,14242.0,445.0625,0.0,0.8297991855076534,5,3,0.987337440109514,0.2997946611909651,0.5625,65.0,49,9,2.03125,1.53125,0.09375,0.375,0.34375,0.0625
1237,Brighton & Hove Albion,24/25,42,23.617743880577557,22.432580424366872,5.028445830311059,0.38095238095238093,0.14285714285714285,160.38095238095238,60.077166792405876,0.2857142857142857,0.6190476190476191,0.0,0.7857142857142857,0.38095238095238093,24,16607.0,395.4047619047619,0.0,0.6380441982296622,4,3,0.956096607020632,-0.05612594113620807,0.7142857142857143,64.0,45,8,1.5238095238095237,1.0714285714285714,0.09523809523809523,0.3333333333333333,0.30952380952380953,0.11904761904761904
631,Chelsea FC,24/25,35,22.60682507089078,22.746064339493497,3.3860884354288645,0.2857142857142857,0.02857142857142857,173.9142857142857,43.94406299227357,0.2571428571428571,0.7142857142857143,0.0,0.8571428571428571,0.6571428571428571,25,15001.0,428.6,0.0,0.6852209852676489,5,2,0.3721130341253545,0.08487337440109514,0.7142857142857143,61.0,53,11,1.7428571428571429,1.5142857142857142,0.08571428571428572,0.4,0.22857142857142856,0.14285714285714285
873,Crystal Palace,24/25,37,25.668609060806187,26.091718001368925,4.58453005733158,0.24324324324324326,0.1891891891891892,169.35135135135135,51.25275939249852,0.24324324324324326,0.7297297297297297,0.0,0.8108108108108109,0.5675675675675675,25,12781.0,345.43243243243245,0.0,0.8052578045536343,4,2,0.5827182418558188,0.08487337440109514,0.7027027027027027,49.0,42,11,1.3243243243243243,1.135135135135135,0.10810810810810811,0.35135135135135137,0.2972972972972973,0.13513513513513514
29,Everton FC,24/25,35,25.431817737361886,24.421629021218344,5.681702686708547,0.2571428571428571,0.22857142857142856,168.71428571428572,52.87475291477322,0.2,0.7142857142857143,0.02857142857142857,0.8857142857142857,0.4857142857142857,23,18359.0,524.5428571428571,0.0,0.7288523340051201,6,4,1.1691405104136112,0.08213552361396304,0.6285714285714286,39.0,30,12,1.1142857142857143,0.8571428571428571,0.08571428571428572,0.3142857142857143,0.2571428571428571,0.17142857142857143
931,Fulham FC,24/25,28,26.808252664515503,27.460643394934976,4.334340012527685,0.07142857142857142,0.14285714285714285,176.71428571428572,35.289130781626675,0.25,0.7142857142857143,0.03571428571428571,0.8214285714285714,0.42857142857142855,20,10527.0,375.9642857142857,0.0,0.8433551819131756,3,2,1.1010071379681237,0.5010266940451745,0.6071428571428571,53.0,46,5,1.8928571428571428,1.6428571428571428,0.07142857142857142,0.32142857142857145,0.25,0.14285714285714285
677,Ipswich Town,24/25,35,25.699031974185974,25.779603011635867,3.4757938032568076,0.11428571428571428,0.08571428571428572,173.0857142857143,43.8824441840131,0.22857142857142856,0.7142857142857143,0.0,0.9428571428571428,0.5428571428571428,19,18721.0,534.8857142857142,0.0,0.603920730730196,7,3,-0.19548254620123207,-0.840520191649555,0.8,35.0,27,2,1.0,0.7714285714285715,0.11428571428571428,0.34285714285714286,0.2857142857142857,0.14285714285714285
1003,Leicester City,24/25,37,24.688236491111233,24.057494866529773,4.994104438901623,0.2972972972972973,0.1891891891891892,163.45945945945945,58.04720042756134,0.13513513513513514,0.7837837837837838,0.08108108108108109,0.9459459459459459,0.5135135135135135,25,15296.0,413.4054054054054,0.0,0.62081589958159,6,2,0.40460994875779266,-0.4791238877481177,0.6756756756756757,33.0,26,3,0.8918918918918919,0.7027027027027027,0.10810810810810811,0.32432432432432434,0.2972972972972973,0.13513513513513514
31,Liverpool FC,24/25,29,24.86931482923836,25.188227241615333,4.367720045100934,0.1724137931034483,0.1724137931034483,183.93103448275863,6.578813584328096,0.1724137931034483,0.7931034482758621,0.034482758620689655,0.8275862068965517,0.41379310344827586,23,10675.0,368.1034482758621,11.0,0.7377985948477752,3,2,1.3615918646719471,0.08487337440109514,0.5862068965517241,85.0,73,15,2.9310344827586206,2.5172413793103448,0.13793103448275862,0.3103448275862069,0.3103448275862069,0.06896551724137931
281,Manchester City,24/25,36,25.020609932314247,23.626283367556468,5.598701763936631,0.3055555555555556,0.2222222222222222,177.02777777777777,30.99722209775866,0.3333333333333333,0.6388888888888888,0.027777777777777776,0.8333333333333334,0.4166666666666667,24,16285.0,452.3611111111111,119.5,0.6071231194350629,6,2,0.8020381778081984,-0.47501711156741955,0.6944444444444444,71.0,52,14,1.9722222222222223,1.4444444444444444,0.1111111111111111,0.3611111111111111,0.3055555555555556,0.08333333333333333
985,Manchester United,24/25,41,23.80327540441729,23.195071868583163,5.613990596405491,0.3902439024390244,0.14634146341463414,175.41463414634146,40.71300505351828,0.2682926829268293,0.6097560975609756,0.04878048780487805,0.8536585365853658,0.4634146341463415,29,14271.0,348.0731707317073,0.0,0.6425618386938546,6,1,0.6531443548521728,-0.07939767282683094,0.7073170731707317,42.0,35,10,1.024390243902439,0.8536585365853658,0.14634146341463414,0.36585365853658536,0.2926829268292683,0.0975609756097561
762,Newcastle United,24/25,30,26.93159936116815,26.73100616016427,5.485333485377026,0.2,0.3333333333333333,179.8,34.531744515884874,0.23333333333333334,0.7333333333333333,0.0,0.9333333333333333,0.36666666666666664,18,10850.0,361.6666666666667,0.0,0.7504147465437788,2,2,1.5420488250057043,1.0047912388774811,0.5,66.0,53,13,2.2,1.7666666666666666,0.13333333333333333,0.4,0.2,0.13333333333333333
703,Nottingham Forest,24/25,26,26.423735060285363,25.953456536618752,4.385736474657999,0.038461538461538464,0.19230769230769232,184.65384615384616,7.888940652291955,0.23076923076923078,0.7692307692307693,0.0,0.6538461538461539,0.46153846153846156,20,14469.0,556.5,214.5,0.7243762526781394,5,2,0.5637866582425104,0.2915811088295688,0.7307692307692307,57.0,46,13,2.1923076923076925,1.7692307692307692,0.11538461538461539,0.38461538461538464,0.2692307692307692,0.07692307692307693
180,Southampton FC,24/25,38,24.79203141323535,24.268309377138948,4.747498167010163,0.21052631578947367,0.15789473684210525,177.05263157894737,30.48876387486633,0.18421052631578946,0.7368421052631579,0.02631578947368421,0.868421052631579,0.3157894736842105,21,21434.0,564.0526315789474,0.0,0.5086778016235887,9,3,0.16708094671998266,-0.9144421629021219,0.8421052631578947,25.0,17,3,0.6578947368421053,0.4473684210526316,0.07894736842105263,0.3684210526315789,0.23684210526315788,0.13157894736842105
148,Tottenham Hotspur,24/25,40,23.204585900068444,22.84188911704312,4.757789130954498,0.4,0.075,166.125,56.36428560984067,0.125,0.75,0.05,0.825,0.425,26,12824.0,320.6,0.0,0.5867903930131004,4,1,0.725119780971937,0.08487337440109514,0.6,61.0,52,6,1.525,1.3,0.125,0.325,0.25,0.125
379,West Ham United,24/25,29,27.09528192782459,27.19233401779603,5.605162968799228,0.20689655172413793,0.3103448275862069,183.13793103448276,7.003693606799989,0.3793103448275862,0.6206896551724138,0.0,0.896551724137931,0.4482758620689655,21,12296.0,424.0,0.0,0.6071080026024723,6,1,0.028133777053978123,-0.4188911704312115,0.8620689655172413,43.0,34,8,1.4827586206896552,1.1724137931034482,0.10344827586206896,0.3448275862068966,0.27586206896551724,0.13793103448275862
543,Wolverhampton Wanderers,24/25,37,25.101355976099303,24.487337440109513,4.8526203693680605,0.21621621621621623,0.21621621621621623,177.35135135135135,30.968816050465467,0.13513513513513514,0.8108108108108109,0.0,0.7297297297297297,0.4594594594594595,24,12258.0,331.2972972972973,0.0,0.6066242453907652,4,1,0.06282257616959877,-0.5092402464065708,0.7837837837837838,53.0,43,9,1.4324324324324325,1.162162162162162,0.10810810810810811,0.3783783783783784,0.24324324324324326,0.10810810810810811
989,AFC Bournemouth,25/26,24,25.233858088067535,25.51129363449692,3.5601261213265305,0.16666666666666666,0.08333333333333333,179.75,6.1023872734187075,0.375,0.5416666666666666,0.08333333333333333,0.75,0.5833333333333334,19,913.0,38.041666666666664,0.0,1.0,0,0,2.0197353410905774,1.0253251197809718,0.5,4.0,4,2,0.16666666666666666,0.16666666666666666,0.08333333333333333,0.2916666666666667,0.2916666666666667,0.125
11,Arsenal FC,25/26,24,24.833675564681727,25.800136892539356,4.107966298803207,0.16666666666666666,0.08333333333333333,183.75,5.869967780076006,0.4583333333333333,0.5,0.0,0.9583333333333334,0.4583333333333333,16,874.0,36.416666666666664,0.0,1.0,0,0,1.9253935660506503,1.0841889117043122,0.375,7.0,6,2,0.2916666666666667,0.25,0.08333333333333333,0.3333333333333333,0.2916666666666667,0.125
405,Aston Villa,25/26,25,25.49891854893908,25.689253935660506,5.037406198129878,0.24,0.2,147.68,75.62556886838384,0.24,0.6,0.0,1.0,0.52,14,270.0,10.8,0.0,1.0,0,0,2.406570841889117,2.0561259411362083,0.24,0.0,0,1,0.0,0.0,0.16,0.36,0.32,0.08
1148,Brentford FC,25/26,23,25.069309287861202,24.098562628336754,3.6853919626662943,0.08695652173913043,0.08695652173913043,184.08695652173913,8.095526505862024,0.13043478260869565,0.8260869565217391,0.043478260869565216,0.8695652173913043,0.391304347826087,17,579.0,25.17391304347826,0.0,1.0,0,0,2.3165788768859925,2.078028747433265,0.391304347826087,3.0,1,1,0.13043478260869565,0.043478260869565216,0.08695652173913043,0.391304347826087,0.34782608695652173,0.043478260869565216
1237,Brighton & Hove Albion,25/26,21,26.4000521495388,24.692676249144423,5.619886114690189,0.047619047619047616,0.23809523809523808,183.33333333333334,6.239658110292048,0.3333333333333333,0.6666666666666666,0.0,0.8095238095238095,0.38095238095238093,15,521.0,24.80952380952381,0.0,1.0,0,0,2.7344610671099376,1.9247091033538672,0.38095238095238093,3.0,2,0,0.14285714285714285,0.09523809523809523,0.09523809523809523,0.3333333333333333,0.3333333333333333,0.09523809523809523
1132,Burnley FC,25/26,20,26.15605749486653,25.28815879534565,4.21971006268779,0.0,0.15,184.2,5.782004751586461,0.25,0.75,0.0,0.9,0.45,17,923.0,46.15,0.0,1.0,0,0,0.7058179329226556,0.08487337440109514,0.75,4.0,3,1,0.2,0.15,0.1,0.35,0.25,0.1
631,Chelsea FC,25/26,22,23.086055628150085,23.266255989048595,2.8467259948792525,0.2727272727272727,0.0,183.4090909090909,7.222050170000805,0.22727272727272727,0.7727272727272727,0.0,0.7727272727272727,0.6363636363636364,19,1307.0,59.40909090909091,0.0,0.9028309104820199,0,0,1.6970941447327483,1.5003422313483914,0.4090909090909091,7.0,5,2,0.3181818181818182,0.22727272727272727,0.13636363636363635,0.36363636363636365,0.22727272727272727,0.09090909090909091
873,Crystal Palace,25/26,24,26.428131416837783,27.260780287474333,4.086358379151078,0.125,0.20833333333333334,176.0,37.884263108899816,0.3333333333333333,0.6666666666666666,0.0,0.7916666666666666,0.5833333333333334,18,938.0,39.083333333333336,0.0,1.0,0,0,1.8423454255076432,1.2908966461327858,0.375,4.0,3,2,0.16666666666666666,0.125,0.125,0.3333333333333333,0.2916666666666667,0.08333333333333333
29,Everton FC,25/26,23,26.063030086599408,25.404517453798768,5.032222076122267,0.13043478260869565,0.21739130434782608,184.91304347826087,7.1281327625011235,0.21739130434782608,0.7391304347826086,0.0,0.8695652173913043,0.5217391304347826,14,1124.0,48.869565217391305,0.0,1.0,0,0,2.4932297711513853,1.0841889117043122,0.391304347826087,5.0,5,1,0.21739130434782608,0.21739130434782608,0.13043478260869565,0.2608695652173913,0.30434782608695654,0.13043478260869565
931,Fulham FC,25/26,22,28.61800759131355,29.067761806981522,3.743125120234395,0.045454545454545456,0.22727272727272727,183.9090909090909,6.023043771803114,0.3181818181818182,0.6818181818181818,0.0,0.8636363636363636,0.4090909090909091,18,479.0,21.772727272727273,0.0,1.0,0,0,2.5928691431771513,1.9917864476386036,0.2727272727272727,2.0,1,0,0.09090909090909091,0.045454545454545456,0.09090909090909091,0.36363636363636365,0.3181818181818182,0.09090909090909091
399,Leeds United,25/26,24,26.860825918320785,26.55852156057495,2.5455570601632065,0.0,0.08333333333333333,183.66666666666666,7.710335619304703,0.20833333333333334,0.75,0.041666666666666664,0.9166666666666666,0.5416666666666666,18,384.0,16.0,0.0,1.0,0,0,1.361738535249829,0.9760438056125942,0.5,1.0,0,2,0.041666666666666664,0.0,0.08333333333333333,0.375,0.20833333333333334,0.125
31,Liverpool FC,25/26,23,25.4759396482457,24.76659822039699,4.85925435743033,0.13043478260869565,0.21739130434782608,183.47826086956522,8.820789313359205,0.21739130434782608,0.782608695652174,0.0,0.8260869565217391,0.5217391304347826,20,1406.0,61.130434782608695,0.0,0.8961593172119487,0,0,2.82058149569979,1.9548254620123204,0.43478260869565216,8.0,6,1,0.34782608695652173,0.2608695652173913,0.08695652173913043,0.34782608695652173,0.34782608695652173,0.043478260869565216
281,Manchester City,25/26,23,26.533226200041664,26.480492813141684,4.250157060179794,0.08695652173913043,0.30434782608695654,183.30434782608697,7.612398872943437,0.34782608695652173,0.6086956521739131,0.043478260869565216,0.9130434782608695,0.4782608695652174,18,695.0,30.217391304347824,0.0,1.0,0,0,2.567389816385442,1.9164955509924708,0.43478260869565216,5.0,4,1,0.21739130434782608,0.17391304347826086,0.13043478260869565,0.30434782608695654,0.30434782608695654,0.08695652173913043
985,Manchester United,25/26,22,26.1497106589509,26.083504449007528,5.072308141189055,0.22727272727272727,0.22727272727272727,185.3181818181818,6.89641980020112,0.22727272727272727,0.7727272727272727,0.0,0.8181818181818182,0.36363636363636365,16,810.0,36.81818181818182,0.0,1.0,0,0,2.447140812643893,1.0431211498973307,0.45454545454545453,2.0,3,0,0.09090909090909091,0.13636363636363635,0.13636363636363635,0.4090909090909091,0.22727272727272727,0.13636363636363635
762,Newcastle United,25/26,23,26.76106300032735,25.949349760438057,4.750673317948111,0.13043478260869565,0.30434782608695654,185.6086956521739,6.706436056877022,0.13043478260869565,0.8695652173913043,0.0,0.9130434782608695,0.43478260869565216,15,645.0,28.043478260869566,0.0,1.0,0,0,3.10829390233015,2.5051334702258727,0.2608695652173913,2.0,1,2,0.08695652173913043,0.043478260869565216,0.08695652173913043,0.391304347826087,0.2608695652173913,0.043478260869565216
703,Nottingham Forest,25/26,25,25.91901437371663,24.76659822039699,3.962277553900412,0.08,0.12,184.56,7.6707235643060425,0.16,0.8,0.04,0.64,0.48,19,849.0,33.96,0.0,1.0,0,0,1.4578507871321011,1.0376454483230664,0.48,4.0,3,0,0.16,0.12,0.08,0.36,0.28,0.16
289,Sunderland AFC,25/26,22,24.48683964905731,23.607118412046542,4.199005615244126,0.2727272727272727,0.13636363636363635,182.04545454545453,7.060805786521702,0.45454545454545453,0.5454545454545454,0.0,0.8636363636363636,0.5,18,737.0,33.5,0.0,1.0,0,0,0.9438118349822663,0.08076659822039699,0.6818181818181818,5.0,5,1,0.22727272727272727,0.22727272727272727,0.09090909090909091,0.3181818181818182,0.3181818181818182,0.13636363636363635
148,Tottenham Hotspur,25/26,22,24.82011075850912,24.986995208761122,3.7485728396500964,0.22727272727272727,0.09090909090909091,185.1818181818182,6.060303022726893,0.18181818181818182,0.8181818181818182,0.0,0.7727272727272727,0.4090909090909091,22,650.0,29.545454545454547,0.0,1.0,0,0,1.9662746562130544,1.5003422313483914,0.4090909090909091,5.0,4,2,0.22727272727272727,0.18181818181818182,0.09090909090909091,0.36363636363636365,0.22727272727272727,0.13636363636363635
379,West Ham United,25/26,23,26.9447370770467,27.770020533880903,4.126906201717964,0.13043478260869565,0.2608695652173913,184.2173913043478,7.096455720602109,0.34782608695652173,0.6521739130434783,0.0,0.8695652173913043,0.43478260869565216,19,765.0,33.26086956521739,0.0,1.0,0,0,1.2185816742552746,0.9664613278576317,0.6521739130434783,4.0,4,1,0.17391304347826086,0.17391304347826086,0.08695652173913043,0.34782608695652173,0.34782608695652173,0.13043478260869565
543,Wolverhampton Wanderers,25/26,21,26.501352628662683,26.54072553045859,3.5134469611140235,0.0,0.14285714285714285,184.28571428571428,8.18011526289732,0.19047619047619047,0.8095238095238095,0.0,0.6666666666666666,0.3333333333333333,16,409.0,19.476190476190474,0.0,1.0,0,0,1.7365796421237905,1.0841889117043122,0.47619047619047616,2.0,2,0,0.09523809523809523,0.09523809523809523,0.09523809523809523,0.47619047619047616,0.23809523809523808,0.14285714285714285
