season,league,club,total_spent,players_bought,loans,funds_received,net_spend
2016,Premier League,AFC Bournemouth,40690000.0,9,3,23690000.0,17000000.0
2016,Premier League,Arsenal FC,113000000.0,5,0,10350000.0,102650000.0
2016,Premier League,Burnley FC,45600000.0,10,2,1200000.0,44400000.0
2016,Premier League,Chelsea FC,132800000.0,5,0,108900000.0,23900000.0
2016,Premier League,Crystal Palace,101200000.0,11,2,50200000.0,51000000.0
2016,Premier League,Everton FC,86000000.0,8,1,60800000.0,25200000.0
2016,Premier League,Hull City,40000000.0,15,7,28900000.0,11100000.0
2016,Premier League,Leicester City,92100000.0,9,1,66050000.0,26050000.0
2016,Premier League,Liverpool FC,79900000.0,6,0,88980000.0,-9080000.0
2016,Premier League,Manchester City,216250000.0,12,0,35350000.0,180900000.0
2016,Premier League,Manchester United,185000000.0,4,0,47250000.0,137750000.0
2016,Premier League,Middlesbrough FC,47950000.0,14,2,13500000.0,34450000.0
2016,Premier League,Southampton FC,68900000.0,9,1,85050000.0,-16150000.0
2016,Premier League,Stoke City,42165000.0,9,3,3800000.0,38365000.0
2016,Premier League,Sunderland AFC,41900000.0,14,3,23770000.0,18130000.0
2016,Premier League,Swansea City,58100000.0,10,0,49300000.0,8800000.0
2016,Premier League,Tottenham Hotspur,83500000.0,5,1,52300000.0,31200000.0
2016,Premier League,Watford FC,70450000.0,18,4,58100000.0,12350000.0
2016,Premier League,West Bromwich Albion,37900000.0,7,2,26975000.0,10925000.0
2016,Premier League,West Ham United,83500000.0,13,3,41000000.0,42500000.0
2017,Premier League,AFC Bournemouth,34300000.0,4,0,0.0,34300000.0
2017,Premier League,Arsenal FC,152850000.0,5,0,162400000.0,-9550000.0
2017,Premier League,Brighton & Hove Albion,70000000.0,15,3,400000.0,69600000.0
2017,Premier League,Burnley FC,35740000.0,10,1,50000000.0,-14260000.0
2017,Premier League,Chelsea FC,260500000.0,10,0,194600000.0,65900000.0
2017,Premier League,Crystal Palace,55950000.0,9,3,3000000.0,52950000.0
2017,Premier League,Everton FC,203200000.0,12,1,126380000.0,76820000.0
2017,Premier League,Huddersfield Town,56750000.0,15,4,6455000.0,50295000.0
2017,Premier League,Leicester City,83845000.0,9,1,50100000.0,33745000.0
2017,Premier League,Liverpool FC,173650000.0,5,0,184500000.0,-10850000.0
2017,Premier League,Manchester City,317500000.0,10,0,91350000.0,226150000.0
2017,Premier League,Manchester United,198400000.0,4,0,45500000.0,152900000.0
2017,Premier League,Newcastle United,46500000.0,9,4,21220000.0,25280000.0
2017,Premier League,Southampton FC,61250000.0,5,0,98350000.0,-37100000.0
2017,Premier League,Stoke City,57700000.0,10,3,35140000.0,22560000.0
2017,Premier League,Swansea City,73385000.0,11,3,81100000.0,-7715000.0
2017,Premier League,Tottenham Hotspur,121000000.0,6,0,103800000.0,17200000.0
2017,Premier League,Watford FC,73400000.0,19,5,18740000.0,54660000.0
2017,Premier League,West Bromwich Albion,53500000.0,10,4,2050000.0,51450000.0
2017,Premier League,West Ham United,56800000.0,8,2,64020000.0,-7220000.0
2018,Premier League,AFC Bournemouth,91600000.0,7,2,20200000.0,71400000.0
2018,Premier League,Arsenal FC,80150000.0,6,1,9100000.0,71050000.0
2018,Premier League,Brighton & Hove Albion,90620000.0,16,0,13620000.0,77000000.0
2018,Premier League,Burnley FC,33000000.0,4,0,8000000.0,25000000.0
2018,Premier League,Cardiff City,51200000.0,9,3,0.0,51200000.0
2018,Premier League,Chelsea FC,208800000.0,6,2,83250000.0,125550000.0
2018,Premier League,Crystal Palace,11850000.0,7,3,350000.0,11500000.0
2018,Premier League,Everton FC,99800000.0,6,2,28650000.0,71150000.0
2018,Premier League,Fulham FC,116500000.0,15,6,5350000.0,111150000.0
2018,Premier League,Huddersfield Town,50700000.0,11,2,12330000.0,38370000.0
2018,Premier League,Leicester City,114600000.0,9,1,95800000.0,18800000.0
2018,Premier League,Liverpool FC,192200000.0,4,0,41320000.0,150880000.0
2018,Premier League,Manchester City,78590000.0,5,0,57600000.0,20990000.0
2018,Premier League,Manchester United,82700000.0,3,0,30550000.0,52150000.0
2018,Premier League,Newcastle United,59750000.0,9,2,51050000.0,8700000.0
2018,Premier League,Southampton FC,62250000.0,5,1,26100000.0,36150000.0
2018,Premier League,Tottenham Hotspur,0.0,0,0,5350000.0,-5350000.0
2018,Premier League,Watford FC,30100000.0,9,0,51840000.0,-21740000.0
2018,Premier League,West Ham United,100900000.0,11,0,13765000.0,87135000.0
2018,Premier League,Wolverhampton Wanderers,117500000.0,13,3,23300000.0,94200000.0
2019,Premier League,AFC Bournemouth,54910000.0,6,2,34625000.0,20285000.0
2019,Premier League,Arsenal FC,160800000.0,8,3,53650000.0,107150000.0
2019,Premier League,Aston Villa,159500000.0,16,2,3000000.0,156500000.0
2019,Premier League,Brighton & Hove Albion,61740000.0,7,1,8500000.0,53240000.0
2019,Premier League,Burnley FC,23850000.0,5,1,13550000.0,10300000.0
2019,Premier League,Chelsea FC,45000000.0,1,0,165066000.0,-120066000.0
2019,Premier League,Crystal Palace,7600000.0,6,2,55375000.0,-47775000.0
2019,Premier League,Everton FC,121000000.0,8,1,87800000.0,33200000.0
2019,Premier League,Leicester City,104300000.0,7,1,88500000.0,15800000.0
2019,Premier League,Liverpool FC,10400000.0,4,0,48000000.0,-37600000.0
2019,Premier League,Manchester City,169820000.0,8,1,71000000.0,98820000.0
2019,Premier League,Manchester United,236800000.0,5,1,81180000.0,155620000.0
2019,Premier League,Newcastle United,72400000.0,8,4,35640000.0,36760000.0
2019,Premier League,Norwich City,8815000.0,10,4,2200000.0,6615000.0
2019,Premier League,Sheffield United,72500000.0,15,4,350000.0,72150000.0
2019,Premier League,Southampton FC,61500000.0,5,2,27300000.0,34200000.0
2019,Premier League,Tottenham Hotspur,150500000.0,7,2,64500000.0,86000000.0
2019,Premier League,Watford FC,56000000.0,7,0,29400000.0,26600000.0
2019,Premier League,West Ham United,119800000.0,8,1,55730000.0,64070000.0
2019,Premier League,Wolverhampton Wanderers,116700000.0,9,1,24100000.0,92600000.0
2020,Premier League,Arsenal FC,86000000.0,8,2,19150000.0,66850000.0
2020,Premier League,Aston Villa,101350000.0,6,1,2770000.0,98580000.0
2020,Premier League,Brighton & Hove Albion,50100000.0,8,0,20600000.0,29500000.0
2020,Premier League,Burnley FC,1100000.0,2,0,2300000.0,-1200000.0
2020,Premier League,Chelsea FC,267200000.0,7,0,57150000.0,210050000.0
2020,Premier League,Crystal Palace,22400000.0,6,2,20000000.0,2400000.0
2020,Premier League,Everton FC,74370000.0,7,1,4430000.0,69940000.0
2020,Premier League,Fulham FC,37250000.0,13,7,0.0,37250000.0
2020,Premier League,Leeds United,127800000.0,8,0,0.0,127800000.0
2020,Premier League,Leicester City,59400000.0,3,1,53770000.0,5630000.0
2020,Premier League,Liverpool FC,84800000.0,6,1,17200000.0,67600000.0
2020,Premier League,Manchester City,173400000.0,7,0,64000000.0,109400000.0
2020,Premier League,Manchester United,83950000.0,5,0,19500000.0,64450000.0
2020,Premier League,Newcastle United,38750000.0,6,1,780000.0,37970000.0
2020,Premier League,Sheffield United,62700000.0,8,1,0.0,62700000.0
2020,Premier League,Southampton FC,37300000.0,5,2,26300000.0,11000000.0
2020,Premier League,Tottenham Hotspur,110500000.0,8,2,13300000.0,97200000.0
2020,Premier League,West Bromwich Albion,42140000.0,14,5,8100000.0,34040000.0
2020,Premier League,West Ham United,54700000.0,7,3,45410000.0,9290000.0
2020,Premier League,Wolverhampton Wanderers,87589000.0,9,3,79200000.0,8389000.0
2021,Premier League,Arsenal FC,167400000.0,7,0,31400000.0,136000000.0
2021,Premier League,Aston Villa,129800000.0,9,3,127000000.0,2800000.0
2021,Premier League,Brentford FC,38200000.0,8,2,1000000.0,37200000.0
2021,Premier League,Brighton & Hove Albion,75580000.0,8,0,78800000.0,-3220000.0
2021,Premier League,Burnley FC,49400000.0,6,0,40500000.0,8900000.0
2021,Premier League,Chelsea FC,118000000.0,3,1,157590000.0,-39590000.0
2021,Premier League,Crystal Palace,85620000.0,10,1,0.0,85620000.0
2021,Premier League,Everton FC,39500000.0,10,2,46000000.0,-6500000.0
2021,Premier League,Leeds United,59300000.0,5,0,0.0,59300000.0
2021,Premier League,Leicester City,67600000.0,5,1,4000000.0,63600000.0
2021,Premier League,Liverpool FC,89000000.0,2,0,31650000.0,57350000.0
2021,Premier League,Manchester City,138900000.0,3,0,93800000.0,45100000.0
2021,Premier League,Manchester United,142000000.0,4,0,31100000.0,110900000.0
2021,Premier League,Newcastle United,130500000.0,6,1,0.0,130500000.0
2021,Premier League,Norwich City,63550000.0,11,4,38400000.0,25150000.0
2021,Premier League,Southampton FC,63400000.0,7,1,60350000.0,3050000.0
2021,Premier League,Tottenham Hotspur,95900000.0,7,3,34620000.0,61280000.0
2021,Premier League,Watford FC,43500000.0,18,3,12850000.0,30650000.0
2021,Premier League,West Ham United,74500000.0,5,2,4235000.0,70265000.0
2021,Premier League,Wolverhampton Wanderers,37600000.0,9,2,31800000.0,5800000.0
2022,Premier League,AFC Bournemouth,93400000.0,12,3,0.0,93400000.0
2022,Premier League,Arsenal FC,186400000.0,8,0,23800000.0,162600000.0
2022,Premier League,Aston Villa,113000000.0,9,2,54000000.0,59000000.0
2022,Premier League,Brentford FC,49250000.0,6,1,3600000.0,45650000.0
2022,Premier League,Brighton & Hove Albion,55700000.0,7,1,138400000.0,-82700000.0
2022,Premier League,Chelsea FC,630250000.0,17,2,67860000.0,562390000.0
2022,Premier League,Crystal Palace,46600000.0,6,1,5460000.0,41140000.0
2022,Premier League,Everton FC,83070000.0,9,2,103600000.0,-20530000.0
2022,Premier League,Fulham FC,76100000.0,14,5,25400000.0,50700000.0
2022,Premier League,Leeds United,163890000.0,11,1,114500000.0,49390000.0
2022,Premier League,Leicester City,49000000.0,5,1,81400000.0,-32400000.0
2022,Premier League,Liverpool FC,140900000.0,4,1,80100000.0,60800000.0
2022,Premier League,Manchester City,155000000.0,6,0,162170000.0,-7170000.0
2022,Premier League,Manchester United,243150000.0,9,4,23650000.0,219500000.0
2022,Premier League,Newcastle United,189100000.0,6,0,14057000.0,175043000.0
2022,Premier League,Nottingham Forest,198350000.0,30,5,5000000.0,193350000.0
2022,Premier League,Southampton FC,154210000.0,15,1,5500000.0,148710000.0
2022,Premier League,Tottenham Hotspur,179900000.0,10,3,38750000.0,141150000.0
2022,Premier League,West Ham United,196600000.0,9,0,21550000.0,175050000.0
2022,Premier League,Wolverhampton Wanderers,179507000.0,13,2,64870000.0,114637000.0
2023,Premier League,AFC Bournemouth,129890000.0,10,3,1500000.0,128390000.0
2023,Premier League,Arsenal FC,235100000.0,4,1,69200000.0,165900000.0
2023,Premier League,Aston Villa,111500000.0,8,2,33158000.0,78342000.0
2023,Premier League,Brentford FC,72350000.0,7,2,10250000.0,62100000.0
2023,Premier League,Brighton & Hove Albion,106850000.0,8,1,189000000.0,-82150000.0
2023,Premier League,Burnley FC,111050000.0,18,5,3800000.0,107250000.0
2023,Premier League,Chelsea FC,464100000.0,12,0,282200000.0,181900000.0
2023,Premier League,Crystal Palace,67800000.0,6,0,0.0,67800000.0
2023,Premier League,Everton FC,40500000.0,5,2,82800000.0,-42300000.0
2023,Premier League,Fulham FC,73170000.0,8,2,53200000.0,19970000.0
2023,Premier League,Liverpool FC,172000000.0,4,0,60700000.0,111300000.0
2023,Premier League,Luton Town,25900000.0,15,2,300000.0,25600000.0
2023,Premier League,Manchester City,259600000.0,5,0,138800000.0,120800000.0
2023,Premier League,Manchester United,210700000.0,7,2,63770000.0,146930000.0
2023,Premier League,Newcastle United,148100000.0,5,1,44600000.0,103500000.0
2023,Premier League,Nottingham Forest,131630000.0,17,6,82820000.0,48810000.0
2023,Premier League,Sheffield United,66950000.0,13,5,30900000.0,36050000.0
2023,Premier League,Tottenham Hotspur,272100000.0,11,1,120700000.0,151400000.0
2023,Premier League,West Ham United,144560000.0,6,1,172860000.0,-28300000.0
2023,Premier League,Wolverhampton Wanderers,94000000.0,9,2,169200000.0,-75200000.0
2024,Premier League,AFC Bournemouth,134900000.0,11,1,66090000.0,68810000.0
2024,Premier League,Arsenal FC,108900000.0,5,2,83790000.0,25110000.0
2024,Premier League,Aston Villa,214200000.0,13,3,257170000.0,-42970000.0
2024,Premier League,Brentford FC,98400000.0,6,1,74500000.0,23900000.0
2024,Premier League,Brighton & Hove Albion,281450000.0,12,0,49990000.0,231460000.0
2024,Premier League,Chelsea FC,281900000.0,13,1,239000000.0,42900000.0
2024,Premier League,Crystal Palace,91900000.0,9,3,100700000.0,-8800000.0
2024,Premier League,Everton FC,50200000.0,8,4,84150000.0,-33950000.0
2024,Premier League,Fulham FC,91550000.0,7,1,68800000.0,22750000.0
2024,Premier League,Ipswich Town,152590000.0,16,4,2360000.0,150230000.0
2024,Premier League,Leicester City,91050000.0,10,2,47250000.0,43800000.0
2024,Premier League,Liverpool FC,42000000.0,2,0,47000000.0,-5000000.0
2024,Premier League,Manchester City,243000000.0,7,0,141700000.0,101300000.0
2024,Premier League,Manchester United,246300000.0,7,0,117200000.0,129100000.0
2024,Premier League,Newcastle United,68200000.0,5,0,89550000.0,-21350000.0
2024,Premier League,Nottingham Forest,105500000.0,13,2,86700000.0,18800000.0
2024,Premier League,Southampton FC,123050000.0,19,3,41590000.0,81460000.0
2024,Premier League,Tottenham Hotspur,185350000.0,8,2,55300000.0,130050000.0
2024,Premier League,West Ham United,144400000.0,11,3,46150000.0,98250000.0
2024,Premier League,Wolverhampton Wanderers,124400000.0,11,2,116200000.0,8200000.0
2025,Premier League,AFC Bournemouth,138100000.0,7,1,238410000.0,-100310000.0
2025,Premier League,Arsenal FC,293500000.0,8,1,10300000.0,283200000.0
2025,Premier League,Aston Villa,30500000.0,5,2,55150000.0,-24650000.0
2025,Premier League,Brentford FC,98700000.0,7,1,155300000.0,-56600000.0
2025,Premier League,Brighton & Hove Albion,80000000.0,6,0,146000000.0,-66000000.0
2025,Premier League,Burnley FC,128650000.0,14,1,35000000.0,93650000.0
2025,Premier League,Chelsea FC,339150000.0,10,1,332250000.0,6900000.0
2025,Premier League,Crystal Palace,55300000.0,5,1,74150000.0,-18850000.0
2025,Premier League,Everton FC,129750000.0,9,2,12600000.0,117150000.0
2025,Premier League,Fulham FC,44500000.0,4,2,17000000.0,27500000.0
2025,Premier League,Leeds United,113700000.0,10,0,8000000.0,105700000.0
2025,Premier League,Liverpool FC,482900000.0,7,0,219500000.0,263400000.0
2025,Premier League,Manchester City,206900000.0,7,0,70500000.0,136400000.0
2025,Premier League,Manchester United,250700000.0,5,0,74200000.0,176500000.0
2025,Premier League,Newcastle United,278850000.0,7,1,176000000.0,102850000.0
2025,Premier League,Nottingham Forest,236900000.0,13,2,126900000.0,110000000.0
2025,Premier League,Sunderland AFC,187900000.0,15,2,51000000.0,136900000.0
2025,Premier League,Tottenham Hotspur,210600000.0,8,2,42500000.0,168100000.0
2025,Premier League,West Ham United,143800000.0,9,1,89500000.0,54300000.0
2025,Premier League,Wolverhampton Wanderers,140000000.0,7,1,137500000.0,2500000.0
