team_id,team_name,league,year,season,matches,wins,draws,losses,scored,conceded,xG,xGA,npxG,npxGA,deep,deep_allowed,pts,xpts,ppda_coef,oppda_coef,npxGD,xG_diff,xGA_diff,xpts_diff,position,scrape_timestamp
75,Leicester,EPL,2015,2015/16,38,23,12,3,68,36,68.416034,45.019954000000006,58.520867,41.975274,217,275,81,68.9442,9.566205533596838,7.630517023959647,16.545592999999997,0.4160339999999962,9.019954000000006,-12.055800000000003,1,2025-09-01T17:43:15.144962
83,Arsenal,EPL,2015,2015/16,38,20,11,7,65,36,73.530928,33.8574794,72.00859299999999,33.09631340000001,467,192,71,77.00869999999999,8.346895074946467,10.834476003917729,38.912279599999984,8.530928000000003,-2.142520599999997,6.00869999999999,2,2025-09-01T17:43:15.144962
82,Tottenham,EPL,2015,2015/16,38,19,13,6,69,35,63.41936200000001,37.08092899999999,59.61355600000002,35.558639,255,182,70,69.42820000000002,6.436416184971098,10.879828326180258,24.054917000000017,-5.580637999999993,2.0809289999999905,-0.5717999999999819,3,2025-09-01T17:43:15.144962
88,Manchester City,EPL,2015,2015/16,38,19,9,10,71,41,66.19736,37.469231,60.107996,36.70809499999999,379,149,66,70.13600000000001,7.77516462841016,11.415158371040723,23.399901000000007,-4.802639999999997,-3.5307689999999994,4.13600000000001,4,2025-09-01T17:43:15.144962
89,Manchester United,EPL,2015,2015/16,38,19,9,10,49,35,45.42421100000001,39.655822000000015,43.140710000000006,38.13348400000002,272,198,66,56.4383,7.729757085020243,11.486976217440544,5.007225999999989,-3.575788999999993,4.655822000000015,-9.561700000000002,5,2025-09-01T17:43:15.144962
74,Southampton,EPL,2015,2015/16,38,18,9,11,59,41,56.201605,44.29160900000001,53.08501,43.53044200000001,276,194,63,61.0763,9.1151832460733,11.14206896551724,9.554567999999987,-2.7983949999999997,3.291609000000008,-1.923700000000004,6,2025-09-01T17:43:15.144962
81,West Ham,EPL,2015,2015/16,38,16,14,8,65,51,54.40056700000002,55.47865699999998,51.35588900000002,49.38931099999999,212,260,62,49.8002,9.306593406593407,8.80972972972973,1.9665780000000268,-10.599432999999983,4.478656999999977,-12.199800000000003,7,2025-09-01T17:43:15.144962
87,Liverpool,EPL,2015,2015/16,38,16,12,10,63,50,54.365662000000015,37.8828599,52.84332400000002,35.5274469,373,158,60,63.29060000000001,7.481141692150866,10.84963196635121,17.315877100000016,-8.634337999999985,-12.1171401,3.290600000000012,8,2025-09-01T17:43:15.144962
85,Stoke,EPL,2015,2015/16,38,14,9,15,41,55,42.626573,54.34991700000001,38.82080299999999,50.54411100000001,179,257,51,48.30089999999999,9.942890442890445,9.526424870466322,-11.723308000000015,1.6265730000000005,-0.650082999999988,-2.6991000000000085,9,2025-09-01T17:43:15.144962
80,Chelsea,EPL,2015,2015/16,38,12,14,12,59,53,54.47971900000001,44.626242,50.673879000000014,41.58156499999999,354,194,50,59.6233,8.529473684210526,10.07504873294347,9.092314000000025,-4.52028099999999,-8.373758000000002,9.6233,10,2025-09-01T17:43:15.144962
72,Everton,EPL,2015,2015/16,38,11,14,13,59,55,53.98107190000001,54.74880399999999,50.17527190000001,50.18178599999999,256,304,47,52.69149999999999,11.115830115830116,9.996031746031743,-0.0065140999999755,-5.0189280999999895,-0.2511960000000073,5.691499999999991,11,2025-09-01T17:43:15.144962
84,Swansea,EPL,2015,2015/16,38,12,11,15,42,52,39.958642,53.634229000000026,36.152798,52.11189100000002,188,254,47,42.3999,9.456062291434929,10.770325203252032,-15.959093000000024,-2.0413580000000024,1.634229000000026,-4.600099999999998,12,2025-09-01T17:43:15.144962
90,Watford,EPL,2015,2015/16,38,12,9,17,40,50,43.19963699999998,51.851501,37.87145199999999,45.744509,193,241,45,48.2545,9.386386386386386,7.997755331088665,-7.87305700000001,3.1996369999999814,1.851500999999999,3.2545,13,2025-09-01T17:43:15.144962
76,West Bromwich Albion,EPL,2015,2015/16,38,10,13,15,34,48,39.7528703,51.93684600000001,35.9293973,47.369827000000015,168,256,43,42.3035,11.407534246575343,7.201540436456996,-11.440429700000015,5.752870299999998,3.93684600000001,-0.6965000000000003,14,2025-09-01T17:43:15.144962
73,Bournemouth,EPL,2015,2015/16,38,11,9,18,45,67,38.705838,53.96870899999999,35.661154,49.40169599999999,199,216,42,43.74129999999999,9.031991744066048,10.033084311632871,-13.74054199999999,-6.294162,-13.03129100000001,1.7412999999999883,15,2025-09-01T17:43:15.144962
78,Crystal Palace,EPL,2015,2015/16,38,11,9,18,39,51,42.50767000000001,52.93888400000001,38.701821,49.894244000000015,161,306,42,44.8943,9.03225806451613,7.796703296703296,-11.192423000000012,3.507670000000012,1.9388840000000087,2.894300000000001,16,2025-09-01T17:43:15.144962
77,Sunderland,EPL,2015,2015/16,38,9,12,17,48,62,40.51717199999999,58.85022230000001,38.23366399999999,52.7608783,188,312,39,40.5241,11.642857142857142,7.682986536107711,-14.527214300000011,-7.482828000000012,-3.149777699999987,1.5240999999999971,17,2025-09-01T17:43:15.144962
86,Newcastle United,EPL,2015,2015/16,38,9,10,19,44,65,37.605660400000005,55.4230604,35.3221654,51.6172134,154,294,37,40.2114,11.47787610619469,7.603336422613531,-16.295048,-6.394339599999995,-9.576939600000005,3.2113999999999976,18,2025-09-01T17:43:15.144962
79,Norwich,EPL,2015,2015/16,38,9,7,22,39,67,39.187494,58.930607,38.426328,51.318942,182,267,34,39.1777,11.81651376146789,8.524405506883605,-12.892614000000002,0.1874940000000009,-8.069393000000005,5.177699999999994,19,2025-09-01T17:43:15.144962
71,Aston Villa,EPL,2015,2015/16,38,3,8,27,27,76,26.527059399999995,59.009573,25.004717399999997,55.203728000000005,136,300,17,29.83430000000001,12.199516324062875,7.679352997145576,-30.19901060000001,-0.4729406000000047,-16.990427000000004,12.834300000000006,20,2025-09-01T17:43:15.144962
80,Chelsea,EPL,2016,2016/17,38,30,3,5,85,33,61.796887,28.6189194,58.607913,27.0965814,435,150,93,75.737,11.077205882352942,11.137931034482758,31.5113316,-23.203113,-4.381080600000004,-17.263000000000005,1,2025-09-01T17:43:15.144962
82,Tottenham,EPL,2016,2016/17,38,26,8,4,86,26,70.065979,33.7819329,63.21544900000001,32.259602900000004,300,182,86,75.37169999999999,7.397727272727272,11.361344537815128,30.9558461,-15.934021,7.781932900000001,-10.62830000000001,2,2025-09-01T17:43:15.144962
88,Manchester City,EPL,2016,2016/17,38,23,9,6,80,39,79.851438,29.607516,73.00099800000001,25.657368,441,131,78,85.41309999999999,6.429166666666666,14.246207701283549,47.343630000000005,-0.1485619999999983,-9.392484,7.413099999999986,3,2025-09-01T17:43:15.144962
87,Liverpool,EPL,2016,2016/17,38,22,10,6,78,42,66.63255800000002,37.6523285,60.54320899999999,33.8464865,446,134,76,69.8308,7.234746639089969,14.585677749360611,26.696722499999996,-11.367441999999985,-4.347671499999997,-6.169200000000004,4,2025-09-01T17:43:15.144962
83,Arsenal,EPL,2016,2016/17,38,23,6,9,77,44,63.58125699999999,47.071277,59.01423599999999,39.4595841,478,199,75,62.1195,8.26158940397351,12.535672514619884,19.5546519,-13.418743000000012,3.071276999999995,-12.880499999999998,5,2025-09-01T17:43:15.144962
89,Manchester United,EPL,2016,2016/17,38,18,15,5,54,29,57.571359,31.623915,54.526678,27.818071799999995,334,177,69,70.89420000000001,8.574603174603174,12.030373831775702,26.7086062,3.571358999999994,2.623915,1.894200000000012,6,2025-09-01T17:43:15.144962
72,Everton,EPL,2016,2016/17,38,17,10,11,62,44,49.6324541,45.78298399999999,46.5877771,41.977173,197,261,61,55.7771,9.850835322195705,10.406147091108672,4.610604100000003,-12.367545899999996,1.782983999999992,-5.222899999999996,7,2025-09-01T17:43:15.144962
73,Bournemouth,EPL,2016,2016/17,38,12,10,16,55,67,50.01613400000001,62.992387,42.4044348,59.18653199999999,244,321,46,43.174200000000006,10.678391959798995,9.093555093555093,-16.78209719999998,-4.983865999999992,-4.007613000000006,-2.825799999999994,8,2025-09-01T17:43:15.144962
74,Southampton,EPL,2016,2016/17,38,12,10,16,41,48,49.9841215,43.08468100000001,45.4171075,36.234156000000006,249,256,46,55.685100000000006,8.598870056497175,11.836759371221282,9.182951499999994,8.9841215,-4.91531899999999,9.685100000000006,9,2025-09-01T17:43:15.144962
76,West Bromwich Albion,EPL,2016,2016/17,38,12,9,17,43,51,38.213618,47.90015100000001,37.452448,45.616635,133,275,45,45.5854,14.709333333333332,6.8686493184634445,-8.164186999999998,-4.786381999999996,-3.099848999999992,0.5853999999999999,10,2025-09-01T17:43:15.144962
81,West Ham,EPL,2016,2016/17,38,12,9,17,47,64,48.245556000000015,59.67157099999998,44.986651000000016,53.58221899999998,166,297,45,46.0425,11.025200458190149,9.807142857142855,-8.595567999999965,1.2455560000000148,-4.328429000000021,1.0424999999999969,11,2025-09-01T17:43:15.144962
75,Leicester,EPL,2016,2016/17,38,12,8,18,48,63,44.34083300000001,51.304373000000005,39.656960000000005,48.259735,196,279,44,48.11949999999999,11.481522956326987,8.467376830892144,-8.602774999999994,-3.659166999999989,-11.695626999999996,4.119499999999988,12,2025-09-01T17:43:15.144962
85,Stoke,EPL,2016,2016/17,38,11,11,16,41,56,47.87402199999998,48.66872600000001,43.30700399999999,47.14638600000001,217,253,44,52.2932,11.493718592964823,7.795168067226891,-3.839382000000015,6.874021999999982,-7.331273999999993,8.293199999999999,13,2025-09-01T17:43:15.144962
78,Crystal Palace,EPL,2016,2016/17,38,12,5,21,50,63,45.40267000000001,50.031654,40.074497,48.509315,204,297,41,48.4526,9.06674082313682,7.574829931972789,-8.434818,-4.597329999999992,-12.968345999999997,7.452599999999997,14,2025-09-01T17:43:15.144962
84,Swansea,EPL,2016,2016/17,38,12,5,21,45,70,39.49954290000001,65.129661,37.21603390000001,58.923443000000006,161,308,41,36.49079999999999,12.517456359102244,10.625730994152049,-21.707409099999992,-5.500457099999991,-4.870339000000001,-4.509200000000007,15,2025-09-01T17:43:15.144962
90,Watford,EPL,2016,2016/17,38,11,7,20,40,68,36.25455790000001,52.61801400000001,33.9710549,49.573337,171,240,40,40.62490000000001,10.254137115839244,8.713615023474178,-15.602282100000004,-3.745442099999991,-15.38198599999999,0.6249000000000109,16,2025-09-01T17:43:15.144962
92,Burnley,EPL,2016,2016/17,38,11,7,20,39,55,35.591733999999995,55.26861699999999,31.024714000000003,51.248536,174,290,40,38.35810000000001,12.129742962056303,9.301391035548686,-20.22382199999999,-3.4082660000000047,0.2686169999999848,-1.6418999999999926,17,2025-09-01T17:43:15.144962
91,Hull,EPL,2016,2016/17,38,9,7,22,37,80,33.839492,71.77442400000001,31.555987,61.87924200000001,160,326,34,30.7344,14.160511363636363,10.149358226371062,-30.32325500000001,-3.160508,-8.22557599999999,-3.265599999999999,18,2025-09-01T17:43:15.144962
93,Middlesbrough,EPL,2016,2016/17,38,5,13,20,27,53,30.930126300000005,55.3013599,29.4077853,51.4955189,144,320,28,37.25339999999999,10.282805429864254,10.04932735426009,-22.0877336,3.930126300000005,2.3013598999999942,9.253399999999992,19,2025-09-01T17:43:15.144962
77,Sunderland,EPL,2016,2016/17,38,6,6,26,29,69,34.22368,65.66352800000001,30.417833100000006,62.61884800000001,180,334,24,32.2426,12.653164556962023,7.97476759628154,-32.201014900000004,5.223680000000002,-3.3364719999999863,8.242600000000003,20,2025-09-01T17:43:15.144962
88,Manchester City,EPL,2017,2017/18,38,32,4,2,106,27,91.43414500000002,24.511917699999994,85.123985,22.9896197,541,96,100,91.0893,6.397508493771235,23.280882352941177,62.134365300000006,-14.565854999999983,-2.4880823000000056,-8.910700000000006,1,2025-09-01T17:43:15.144962
89,Manchester United,EPL,2017,2017/18,38,25,6,7,68,28,59.043412,43.540152000000006,56.631119,42.778982,319,243,81,62.330700000000014,10.251764705882351,13.15024630541872,13.852137,-8.956587999999996,15.540152000000006,-18.669299999999986,2,2025-09-01T17:43:15.144962
82,Tottenham,EPL,2017,2017/18,38,23,8,7,74,36,68.91189399999999,35.859433,66.628384,33.476814,339,162,77,76.01619999999998,7.581757508342603,14.34718826405868,33.15157,-5.0881060000000105,-0.1405670000000043,-0.9838000000000164,3,2025-09-01T17:43:15.144962
87,Liverpool,EPL,2017,2017/18,38,21,12,5,84,38,77.48511899999998,35.751620700000004,75.183319,31.1846147,436,148,75,79.38480000000001,9.547785547785548,19.487218045112783,43.9987043,-6.514881000000017,-2.2483792999999963,4.384800000000013,4,2025-09-01T17:43:15.144962
80,Chelsea,EPL,2017,2017/18,38,21,7,10,62,38,59.160689000000005,34.034713700000005,56.87721900000001,32.5123747,373,220,70,68.45700000000001,12.3116036505867,12.55813953488372,24.36484430000001,-2.839310999999995,-3.9652862999999954,-1.5429999999999922,5,2025-09-01T17:43:15.144962
83,Arsenal,EPL,2017,2017/18,38,19,6,13,74,51,72.269335,48.745316,68.46348599999999,44.178293,488,203,63,65.89910000000002,9.125452352231603,15.636363636363637,24.285192999999992,-1.730665000000002,-2.254683999999997,2.8991000000000184,6,2025-09-01T17:43:15.144962
92,Burnley,EPL,2017,2017/18,38,14,12,12,36,39,32.771712,52.156891,32.771712,48.351043,162,305,54,41.00169999999999,13.672992700729926,10.2572741194487,-15.579331000000003,-3.228287999999999,13.156891000000002,-12.998300000000008,7,2025-09-01T17:43:15.144962
72,Everton,EPL,2017,2017/18,38,13,10,15,44,58,43.70751099999999,55.495772,37.50187199999999,51.690003,185,297,49,47.00149999999998,10.238623751387347,10.550824175824175,-14.188131000000006,-0.2924890000000104,-2.5042279999999977,-1.9985000000000213,8,2025-09-01T17:43:15.144962
75,Leicester,EPL,2017,2017/18,38,12,11,15,56,60,50.28871369999999,49.35872299999999,45.72174069999999,46.31403699999999,183,268,47,55.85470000000001,11.365333333333334,9.461170848267622,-0.592296300000001,-5.711286300000012,-10.64127700000001,8.854700000000008,9,2025-09-01T17:43:15.144962
73,Bournemouth,EPL,2017,2017/18,38,11,11,16,45,61,39.99186,64.93248999999999,37.708349,62.64902000000001,245,339,44,37.6404,14.025835866261398,8.963480128893663,-24.94067100000001,-5.008139999999997,3.932489999999987,-6.3596,10,2025-09-01T17:43:15.144962
78,Crystal Palace,EPL,2017,2017/18,38,11,11,16,45,55,56.749704,53.53526900000001,49.138176,52.012933,247,269,44,58.03449999999998,11.692493946731236,7.712719298245614,-2.8747570000000024,11.749704,-1.4647309999999931,14.03449999999998,11,2025-09-01T17:43:15.144962
86,Newcastle United,EPL,2017,2017/18,38,12,8,18,39,47,44.62560799999999,52.472364000000006,43.86443799999999,47.754042000000005,171,287,44,46.23800000000002,13.377450980392156,8.468339307048984,-3.8896040000000127,5.625607999999993,5.472364000000006,2.238000000000021,12,2025-09-01T17:43:15.144962
81,West Ham,EPL,2017,2017/18,38,10,12,16,48,68,36.80133,58.36886899999997,33.75665299999999,53.70596199999999,173,308,42,39.2592,12.387351778656129,8.152078774617069,-19.949309,-11.19867,-9.631131000000032,-2.7408,13,2025-09-01T17:43:15.144962
90,Watford,EPL,2017,2017/18,38,11,8,19,44,64,45.847429,53.981191,41.129107,49.414176,232,237,41,46.6939,10.34192037470726,9.934755332496865,-8.285069,1.8474289999999984,-10.018809000000005,5.693899999999999,14,2025-09-01T17:43:15.144962
220,Brighton,EPL,2017,2017/18,38,9,13,16,34,54,37.2144165,53.083801,31.8862345,50.80029899999998,159,291,40,40.84720000000001,15.56842105263158,11.228490832157968,-18.91406449999998,3.2144164999999987,-0.916199000000006,0.847200000000008,15,2025-09-01T17:43:15.144962
219,Huddersfield,EPL,2017,2017/18,38,9,10,19,28,58,32.1338432,53.216161,30.611543200000003,48.502149,125,251,37,36.8432,12.21775147928994,9.98664886515354,-17.8906058,4.133843200000001,-4.783839,-0.1567999999999969,16,2025-09-01T17:43:15.144962
74,Southampton,EPL,2017,2017/18,38,7,15,16,37,56,41.88014700000001,46.555427,39.596638000000006,45.03309099999999,225,277,36,48.71569999999999,9.551266586248492,11.445569620253163,-5.436452999999979,4.880147000000008,-9.444573000000004,12.715699999999991,17,2025-09-01T17:43:15.144962
84,Swansea,EPL,2017,2017/18,38,8,9,21,28,56,29.7130847,61.83360399999999,28.9519147,57.124501,148,301,33,32.307100000000005,14.64690026954178,10.91044776119403,-28.172586300000003,1.7130846999999996,5.833603999999987,-0.6928999999999945,18,2025-09-01T17:43:15.144962
85,Stoke,EPL,2017,2017/18,38,7,12,19,35,68,36.754259,65.54098400000001,34.47075399999999,61.735176,189,315,33,36.1678,13.813245033112583,8.110103626943005,-27.26442200000001,1.7542589999999976,-2.459015999999991,3.1678,19,2025-09-01T17:43:15.144962
76,West Bromwich Albion,EPL,2017,2017/18,38,6,13,19,31,56,35.184401,48.993914,34.42323,48.232744,140,263,31,42.9637,13.33080808080808,8.301488833746898,-13.809514,4.184401000000001,-7.006086000000003,11.963700000000005,20,2025-09-01T17:43:15.144962
88,Manchester City,EPL,2018,2018/19,38,32,2,4,95,23,93.720559,25.7326041,90.67588,22.687925100000005,582,135,98,90.6406,8.435960591133005,26.308687615526804,67.9879549,-1.2794409999999914,2.7326041,-7.359400000000008,1,2025-09-01T17:43:15.144962
87,Liverpool,EPL,2018,2018/19,38,30,7,1,89,22,79.45754000000001,29.145105000000004,74.12936,28.38393600000001,431,152,97,83.45409999999998,9.99125,19.150916784203105,45.745424,-9.542459999999991,7.1451050000000045,-13.545900000000016,2,2025-09-01T17:43:15.144962
80,Chelsea,EPL,2018,2018/19,38,21,9,8,63,39,63.968004,38.107687000000006,60.162158,36.447257,376,188,72,71.451,9.785977859778598,14.842105263157896,23.714901,0.9680040000000004,-0.8923129999999944,-0.5490000000000066,3,2025-09-01T17:43:15.144962
82,Tottenham,EPL,2018,2018/19,38,23,2,13,67,39,61.746657000000006,49.146068000000014,58.70202,45.34022,270,202,71,61.43999999999999,9.402010050251256,14.448642266824084,13.361799999999995,-5.253342999999994,10.146068000000014,-9.56000000000001,4,2025-09-01T17:43:15.144962
83,Arsenal,EPL,2018,2018/19,38,21,7,10,73,51,64.79537200000001,57.2974875,60.98952099999999,51.9693395,400,253,70,58.9713,9.467821782178218,12.790821771611526,9.020181499999993,-8.204627999999985,6.297487500000003,-11.0287,5,2025-09-01T17:43:15.144962
89,Manchester United,EPL,2018,2018/19,38,19,9,10,65,54,68.61749799999998,52.30019000000002,59.37586199999999,47.733182000000006,313,268,66,61.85960000000002,10.485237483953789,13.3690036900369,11.642679999999984,3.617497999999984,-1.699809999999978,-4.140399999999978,6,2025-09-01T17:43:15.144962
229,Wolverhampton Wanderers,EPL,2018,2018/19,38,16,9,13,47,46,53.05869160000001,42.691294,50.014015600000015,39.646622,184,220,57,59.9145,13.662404092071611,11.723076923076922,10.367393600000014,6.05869160000001,-3.308706000000001,2.9144999999999968,7,2025-09-01T17:43:15.144962
72,Everton,EPL,2018,2018/19,38,15,9,14,54,46,53.86613399999999,49.30978990000001,49.92234399999998,45.396306900000006,211,210,54,55.5378,9.809090909090909,10.082758620689654,4.526037099999975,-0.1338660000000118,3.3097899000000126,1.5378000000000045,8,2025-09-01T17:43:15.144962
75,Leicester,EPL,2018,2018/19,38,15,7,16,51,48,52.11415300000001,44.642585,46.78597900000001,40.836749,205,253,52,56.23779999999999,11.27061855670103,10.56878612716763,5.949230000000014,1.1141530000000088,-3.357415000000003,4.237799999999993,9,2025-09-01T17:43:15.144962
81,West Ham,EPL,2018,2018/19,38,15,7,16,52,55,47.96052790000002,65.66202299999999,44.15483690000002,61.856183,261,293,52,43.7194,12.2,9.794813979706875,-17.701346099999974,-4.039472099999976,10.66202299999999,-8.2806,10,2025-09-01T17:43:15.144962
90,Watford,EPL,2018,2018/19,38,14,8,16,52,59,51.73354600000001,63.291170999999984,50.97237600000002,59.485323,275,264,50,46.00149999999999,11.359756097560975,9.998760842627014,-8.512946999999976,-0.2664539999999888,4.291170999999984,-3.998500000000007,11,2025-09-01T17:43:15.144962
78,Crystal Palace,EPL,2018,2018/19,38,14,7,17,51,53,50.642166,52.804285,42.269351,48.998432,256,261,49,51.92549999999999,14.155462184873947,8.78298800436205,-6.729080999999994,-0.357834000000004,-0.1957149999999998,2.9254999999999924,12,2025-09-01T17:43:15.144962
73,Bournemouth,EPL,2018,2018/19,38,13,6,19,56,70,58.812899,62.423162,51.962379,58.61741299999999,280,313,45,51.4947,15.335423197492164,10.30414201183432,-6.6550339999999935,2.8128990000000016,-7.576838000000002,6.494700000000002,13,2025-09-01T17:43:15.144962
86,Newcastle United,EPL,2018,2018/19,38,12,9,17,42,48,39.9106505,57.545492,37.6271415,52.978485000000006,178,305,45,39.2231,13.985436893203884,9.404341926729986,-15.351343500000006,-2.0893495000000044,9.545492000000005,-5.776899999999998,14,2025-09-01T17:43:15.144962
92,Burnley,EPL,2018,2018/19,38,11,7,20,45,68,44.7412159,66.12206499999999,43.2189159,63.83859499999999,193,315,40,41.9982,13.584093872229465,10.156199677938808,-20.619679099999992,-0.2587840999999997,-1.877935000000008,1.998200000000004,15,2025-09-01T17:43:15.144962
74,Southampton,EPL,2018,2018/19,38,9,12,17,45,65,49.671325,59.27171400000001,45.86548,56.98821400000002,206,300,39,45.10750000000001,11.126077586206897,10.094202898550725,-11.122734000000024,4.671325000000003,-5.72828599999999,6.107500000000009,16,2025-09-01T17:43:15.144962
220,Brighton,EPL,2018,2018/19,38,9,9,20,35,60,37.027868,62.462145,32.46084400000001,54.850534,153,321,36,36.186,13.629770992366412,10.15086782376502,-22.389689999999987,2.027867999999998,2.462145,0.1859999999999999,17,2025-09-01T17:43:15.144962
227,Cardiff,EPL,2018,2018/19,38,10,4,24,34,69,41.7697266,66.503167,38.7250676,61.174976,143,357,34,37.44920000000001,14.644823066841417,5.650145772594752,-22.449908400000005,7.7697265999999985,-2.496832999999995,3.449200000000012,18,2025-09-01T17:43:15.144962
228,Fulham,EPL,2018,2018/19,38,7,5,26,34,81,42.621864,73.58661000000001,40.338362,68.25856000000002,171,335,26,33.6044,13.754054054054054,10.97872340425532,-27.92019800000002,8.621863999999995,-7.413389999999993,7.604399999999998,19,2025-09-01T17:43:15.144962
219,Huddersfield,EPL,2018,2018/19,38,3,7,28,22,76,29.002263000000003,67.194016,28.241098,61.10473900000001,133,276,16,29.610599999999994,10.92755214050494,10.675392670157068,-32.86364100000001,7.002263000000003,-8.805983999999995,13.610599999999994,20,2025-09-01T17:43:15.144962
87,Liverpool,EPL,2019,2019/20,38,32,3,3,85,33,75.19336999999999,39.5728982,71.38752000000001,38.8117282,429,145,99,74.27839999999999,8.012931034482758,21.331179321486267,32.57579180000001,-9.806630000000013,6.572898199999997,-24.72160000000001,1,2025-09-01T17:43:15.144962
88,Manchester City,EPL,2019,2019/20,38,26,3,9,102,35,102.20523300000004,36.99762900000001,93.533026,34.71412300000001,547,135,81,86.75639999999997,8.48536036036036,23.765676567656765,58.81890299999999,0.2052330000000353,1.9976290000000103,5.756399999999971,2,2025-09-01T17:43:15.144962
80,Chelsea,EPL,2019,2019/20,38,20,6,12,69,54,76.227787,41.0882999,70.89959900000001,39.5659679,326,169,66,73.4872,9.006500541711809,14.658643326039387,31.333631100000005,7.227787000000006,-12.911700099999996,7.487200000000001,3,2025-09-01T17:43:15.144962
89,Manchester United,EPL,2019,2019/20,38,18,12,8,66,36,66.186663,38.05916400000001,55.53038399999999,35.77565900000001,290,178,66,70.99169999999998,9.63905325443787,11.102833158447009,19.75472499999998,0.1866629999999958,2.0591640000000098,4.99169999999998,4,2025-09-01T17:43:15.144962
75,Leicester,EPL,2019,2019/20,38,18,8,12,67,41,61.0171647,47.894043,55.6739347,40.282434,293,203,62,61.1553,7.948717948717949,12.747416762342135,15.391500700000002,-5.982835300000005,6.894042999999996,-0.8447000000000031,5,2025-09-01T17:43:15.144962
82,Tottenham,EPL,2019,2019/20,38,16,11,11,61,47,49.021303,54.12711099999999,45.83264,48.798972,224,264,59,49.264600000000016,10.935637663885576,10.110019646365425,-2.9663320000000013,-11.978697000000004,7.127110999999992,-9.735399999999984,6,2025-09-01T17:43:15.144962
229,Wolverhampton Wanderers,EPL,2019,2019/20,38,15,14,9,51,40,54.223981,37.38927390000001,51.179312,34.9610539,172,193,59,63.82129999999997,13.387516254876465,10.288079470198676,16.218258099999993,3.223981000000002,-2.6107260999999866,4.821299999999972,7,2025-09-01T17:43:15.144962
83,Arsenal,EPL,2019,2019/20,38,14,14,10,56,48,50.82221799999999,57.25226600000001,48.53879799999999,51.00759600000001,265,253,56,50.14710000000001,11.017241379310343,11.446185997910137,-2.468798000000014,-5.177782000000008,9.252266000000011,-5.852899999999991,8,2025-09-01T17:43:15.144962
92,Burnley,EPL,2019,2019/20,38,15,9,14,43,50,49.3468938,53.839223,47.06338279999999,50.01831,145,263,54,49.5405,11.890377588306944,9.34841628959276,-2.9549272000000077,6.346893800000004,3.839222999999997,-4.459499999999999,9,2025-09-01T17:43:15.144962
238,Sheffield United,EPL,2019,2019/20,38,14,12,12,39,39,45.81162100000001,52.04245699999999,45.050451,49.75894499999998,198,231,54,49.3411,13.708089097303636,11.346026490066226,-4.70849399999998,6.8116210000000095,13.042456999999985,-4.658900000000003,10,2025-09-01T17:43:15.144962
74,Southampton,EPL,2019,2019/20,38,15,7,16,51,60,56.496626000000006,56.592573,52.535483000000006,53.547914000000006,230,249,52,56.8654,8.260696517412935,9.966101694915254,-1.0124309999999994,5.496626000000006,-3.4074269999999984,4.865400000000001,11,2025-09-01T17:43:15.144962
72,Everton,EPL,2019,2019/20,38,13,10,15,44,56,53.710143,49.211622000000006,52.948976,46.167031,203,215,49,55.7761,10.169934640522875,10.381688466111772,6.781945,9.710143000000002,-6.7883779999999945,6.7761,12,2025-09-01T17:43:15.144962
86,Newcastle United,EPL,2019,2019/20,38,11,11,16,38,58,36.491737,67.02935099999999,35.73056699999999,65.50701099999999,132,344,44,31.917299999999987,19.00162601626016,7.551130247578041,-29.776444,-1.5082629999999997,9.029350999999991,-12.082700000000012,13,2025-09-01T17:43:15.144962
78,Crystal Palace,EPL,2019,2019/20,38,11,10,17,31,50,34.447955500000006,57.392237,32.1644455,56.631067,225,281,43,38.263000000000005,12.997395833333334,7.9888097660223805,-24.4666215,3.447955500000006,7.392236999999994,-4.736999999999995,14,2025-09-01T17:43:15.144962
220,Brighton,EPL,2019,2019/20,38,9,14,15,39,54,47.42406100000001,60.41584899999999,45.901730000000015,58.89350899999999,242,264,41,48.02409999999999,10.35894495412844,12.783088235294118,-12.991778999999973,8.424061000000009,6.415848999999987,7.02409999999999,15,2025-09-01T17:43:15.144962
81,West Ham,EPL,2019,2019/20,38,10,9,19,49,62,49.0691132,68.323322,46.0244362,63.75633899999999,217,308,39,38.747400000000006,13.215922798552471,9.501940491591204,-17.731902799999993,0.0691131999999967,6.3233220000000046,-0.2525999999999939,16,2025-09-01T17:43:15.144962
71,Aston Villa,EPL,2019,2019/20,38,9,8,21,41,67,45.08898899999999,71.595382,42.65250099999999,66.88436700000001,186,343,35,37.22690000000001,12.341207349081364,7.889137737961926,-24.231866000000025,4.088988999999991,4.595382000000001,2.226900000000008,17,2025-09-01T17:43:15.144962
73,Bournemouth,EPL,2019,2019/20,38,9,7,22,40,65,44.6710449,63.29434499999999,41.6264589,58.727336999999984,210,326,34,39.1979,13.378205128205128,9.148456057007126,-17.10087809999998,4.671044899999998,-1.7056550000000072,5.197900000000004,18,2025-09-01T17:43:15.144962
90,Watford,EPL,2019,2019/20,38,8,10,20,36,64,48.56263699999999,59.528113000000005,42.47327499999999,52.522923,227,259,34,47.87369999999999,12.196610169491525,9.644351464435148,-10.049648000000012,12.562636999999988,-4.471886999999995,13.873699999999992,19,2025-09-01T17:43:15.144962
79,Norwich,EPL,2019,2019/20,38,5,6,27,26,75,37.234174900000006,71.60755700000001,35.7118339,66.126467,207,345,21,33.12230000000002,12.594202898550725,9.653769841269842,-30.414633100000003,11.234174900000006,-3.392442999999986,12.122300000000015,20,2025-09-01T17:43:15.144962
88,Manchester City,EPL,2020,2020/21,38,27,5,6,83,32,77.715218,30.61327409999999,70.864704,22.8165561,405,150,86,83.38159999999999,10.112559241706162,20.385611510791367,48.0481479,-5.284782000000007,-1.386725900000009,-2.6184000000000083,1,2025-09-01T17:43:15.144962
89,Manchester United,EPL,2020,2020/21,38,21,11,6,73,44,63.17223699999997,41.917999,54.79945899999998,38.87337,339,186,74,65.63639999999997,10.946449359720605,12.45679012345679,15.926088999999976,-9.827763000000026,-2.082000999999998,-8.363600000000034,2,2025-09-01T17:43:15.144962
87,Liverpool,EPL,2020,2020/21,38,20,9,9,68,42,72.207518,47.30458800000002,67.64050799999998,41.21524200000002,458,144,69,68.7981,9.125835189309576,18.568464730290454,26.425265999999965,4.207517999999993,5.304588000000017,-0.2018999999999948,3,2025-09-01T17:43:15.144962
80,Chelsea,EPL,2020,2020/21,38,19,10,9,58,36,68.65559400000001,30.904465,61.043974000000006,27.859784,337,179,67,77.4102,9.19343891402715,16.5,33.18419000000001,10.655594000000008,-5.095535000000002,10.410200000000003,4,2025-09-01T17:43:15.144962
75,Leicester,EPL,2020,2020/21,38,20,6,12,68,50,58.80011600000001,47.06503269999999,49.666092000000006,44.0203537,237,209,66,59.74900000000002,9.99439461883408,13.502463054187192,5.645738300000005,-9.19988399999999,-2.934967300000011,-6.250999999999984,5,2025-09-01T17:43:15.144962
81,West Ham,EPL,2020,2020/21,38,19,8,11,62,47,60.33827100000001,49.862080000000006,57.132841000000006,46.056243,172,286,65,59.1827,16.45179856115108,11.07909604519774,11.076598000000011,-1.661728999999987,2.862080000000006,-5.817300000000003,6,2025-09-01T17:43:15.144962
82,Tottenham,EPL,2020,2020/21,38,18,8,12,68,45,56.676279,52.55146,52.870451,44.93976299999999,193,293,62,53.9769,11.268090154211151,11.517169614984391,7.930688000000011,-11.323721000000006,7.551459999999999,-8.0231,7,2025-09-01T17:43:15.144962
83,Arsenal,EPL,2020,2020/21,38,18,7,13,55,39,52.247381,43.232285,47.680362,40.94885169999999,292,203,61,58.71769999999999,13.642061281337048,16.277699859747546,6.731510300000004,-2.752619000000003,4.232284999999997,-2.282300000000013,8,2025-09-01T17:43:15.144962
72,Everton,EPL,2020,2020/21,38,17,8,13,47,48,49.23711799999999,50.16416100000001,45.41766999999998,47.119485000000005,207,270,59,50.7233,14.213010204081632,11.818906605922551,-1.7018150000000247,2.237117999999988,2.164161000000007,-8.276700000000005,9,2025-09-01T17:43:15.144962
245,Leeds,EPL,2020,2020/21,38,18,5,15,62,54,59.25863799999999,63.021957,56.213962,56.010729,305,283,59,51.8098,7.168845315904139,12.273863636363636,0.2032330000000044,-2.7413620000000094,9.021957,-7.190200000000004,10,2025-09-01T17:43:15.144962
71,Aston Villa,EPL,2020,2020/21,38,16,7,15,55,46,56.715489000000005,53.25255619999999,52.14847200000001,48.68559260000001,274,312,55,54.06,10.842171717171718,9.261349693251534,3.4628794000000056,1.7154890000000051,7.252556199999987,-0.9399999999999976,11,2025-09-01T17:43:15.144962
86,Newcastle United,EPL,2020,2020/21,38,12,9,17,46,62,43.959188,60.02364799999998,38.45959,56.21782899999998,138,322,45,42.65110000000001,17.998487140695914,8.271971496437054,-17.758238999999982,-2.0408120000000025,-1.97635200000002,-2.3488999999999933,12,2025-09-01T17:43:15.144962
229,Wolverhampton Wanderers,EPL,2020,2020/21,38,12,9,17,36,52,38.61903800000001,52.19414400000001,35.574369,46.104809,139,270,45,44.2578,14.125,11.505202312138728,-10.53044,2.6190380000000104,0.1941440000000085,-0.742200000000004,13,2025-09-01T17:43:15.144962
78,Crystal Palace,EPL,2020,2020/21,38,12,8,18,41,66,35.2866084,61.90394699999998,32.2419274,58.85927499999998,201,272,44,37.9485,16.136671177266578,7.60337552742616,-26.61734759999998,-5.713391600000001,-4.096053000000019,-6.051500000000004,14,2025-09-01T17:43:15.144962
74,Southampton,EPL,2020,2020/21,38,12,7,19,47,68,45.284568,58.548461,40.717553,51.697928,222,275,43,44.173,9.733257661748013,10.465625,-10.980374999999997,-1.7154319999999998,-9.451538999999997,1.1730000000000018,15,2025-09-01T17:43:15.144962
220,Brighton,EPL,2020,2020/21,38,9,14,15,40,46,53.819028,39.906692,46.968639,34.578506999999995,311,208,41,61.40669999999997,10.3125,13.632928475033738,12.390132,13.819027999999996,-6.093308,20.40669999999997,16,2025-09-01T17:43:15.144962
92,Burnley,EPL,2020,2020/21,38,10,9,19,33,55,38.1279285,59.056713,35.84441350000001,56.773208,233,332,39,38.1024,13.159653465346535,9.718654434250764,-20.928794499999995,5.127928500000003,4.056713000000002,-0.8976000000000042,17,2025-09-01T17:43:15.144962
228,Fulham,EPL,2020,2020/21,38,5,13,20,27,53,41.055309,57.6358378,36.4883067,52.30765780000001,224,227,28,42.41830000000001,12.161057692307692,10.376826722338205,-15.819351100000013,14.055308999999994,4.6358378000000044,14.41830000000001,18,2025-09-01T17:43:15.144962
76,West Bromwich Albion,EPL,2020,2020/21,38,5,11,22,35,76,34.9712902,74.03887199999998,31.9266212,65.666076,164,343,26,29.592600000000004,15.985795454545457,7.985488126649076,-33.739454800000004,-0.0287098000000014,-1.9611280000000164,3.5926000000000045,19,2025-09-01T17:43:15.144962
238,Sheffield United,EPL,2020,2020/21,38,7,2,29,20,63,33.1591767,66.10782100000002,30.114499100000007,63.063154,198,285,23,29.9189,14.103806228373704,11.489326765188832,-32.948654899999994,13.159176700000003,3.1078210000000155,6.918899999999997,20,2025-09-01T17:43:15.144962
88,Manchester City,EPL,2021,2021/22,38,29,6,3,99,26,93.39987299999996,25.212244,86.32423299999999,24.451079,508,138,93,91.8845,8.521315468940317,22.92153589315526,61.87315399999999,-5.600127000000029,-0.7877559999999981,-1.1154999999999973,1,2025-09-01T17:43:15.144962
87,Liverpool,EPL,2021,2021/22,38,28,8,2,94,26,93.02239799999998,32.731055,86.83102,32.731055,461,159,92,86.56340000000003,8.071200850159405,21.7105719237435,54.099965,-0.9776020000000188,6.731054999999998,-5.43659999999997,2,2025-09-01T17:43:15.144962
80,Chelsea,EPL,2021,2021/22,38,21,11,6,76,33,69.297032,35.11562419999999,62.446512000000006,30.54861020000001,385,163,74,73.38340000000001,8.756563245823388,16.36258064516129,31.8979018,-6.702967999999999,2.115624199999992,-0.6165999999999912,3,2025-09-01T17:43:15.144962
82,Tottenham,EPL,2021,2021/22,38,22,5,11,69,40,67.9513206,43.69930299999999,64.1454716,42.17696299999999,285,255,71,66.09469999999997,12.53042328042328,12.384701912260969,21.968508600000007,-1.0486793999999977,3.699302999999993,-4.905300000000025,4,2025-09-01T17:43:15.144962
83,Arsenal,EPL,2021,2021/22,38,22,3,13,61,48,63.39157700000001,48.389506,57.191476,43.822492,314,220,69,64.7622,12.553370786516854,13.940085592011412,13.368983999999998,2.3915770000000123,0.3895060000000043,-4.237799999999993,5,2025-09-01T17:43:15.144962
89,Manchester United,EPL,2021,2021/22,38,16,10,12,57,57,57.214908,56.85227999999999,53.409058,53.046457,293,261,58,54.52470000000001,12.83918918918919,12.092233009708735,0.362601000000005,0.2149079999999941,-0.1477200000000067,-3.47529999999999,6,2025-09-01T17:43:15.144962
81,West Ham,EPL,2021,2021/22,38,16,8,14,60,51,54.98359900000002,53.87672200000001,50.26077400000001,49.30970000000001,239,294,56,53.56340000000001,14.058571428571428,13.775193798449612,0.9510740000000056,-5.016400999999981,2.876722000000008,-2.4365999999999914,7,2025-09-01T17:43:15.144962
75,Leicester,EPL,2021,2021/22,38,14,10,14,62,59,49.4886742,66.10659400000002,47.9663352,59.063358,252,293,52,42.31229999999999,11.78048780487805,12.4,-11.097022800000005,-12.511325800000002,7.106594000000015,-9.687700000000008,8,2025-09-01T17:43:15.144962
220,Brighton,EPL,2021,2021/22,38,12,15,11,42,44,49.567475,47.211438,44.23931299999999,44.16679799999999,305,244,51,54.1822,9.372119815668205,13.443569553805776,0.0725149999999956,7.567475000000002,3.211437999999994,3.1821999999999946,9,2025-09-01T17:43:15.144962
229,Wolverhampton Wanderers,EPL,2021,2021/22,38,15,6,17,38,43,39.04307089999999,58.48269700000001,38.28190089999999,50.87105099999999,181,309,51,40.5351,14.643795620437956,11.321995464852607,-12.589150099999998,1.0430708999999894,15.482697000000009,-10.4649,10,2025-09-01T17:43:15.144962
86,Newcastle United,EPL,2021,2021/22,38,13,10,15,44,62,41.526526,62.711766,39.24301299999999,57.98893999999999,170,293,49,41.52550000000001,13.800262812089356,7.848069738480698,-18.745926999999995,-2.473474000000003,0.7117659999999972,-7.474499999999992,11,2025-09-01T17:43:15.144962
78,Crystal Palace,EPL,2021,2021/22,38,11,15,12,50,46,48.843907,41.3314426,42.663892,38.28677459999998,213,238,48,58.15,11.381770145310435,9.563097514340344,4.377117400000017,-1.1560929999999985,-4.6685574000000045,10.15,12,2025-09-01T17:43:15.144962
244,Brentford,EPL,2021,2021/22,38,13,7,18,48,56,52.889575,49.500452,48.322585,45.694635000000005,232,226,46,55.9965,11.664490861618798,10.200808625336927,2.627949999999992,4.889575000000001,-6.499548000000004,9.996499999999996,13,2025-09-01T17:43:15.144962
71,Aston Villa,EPL,2021,2021/22,38,13,6,19,52,54,43.12954299999999,53.09572500000001,40.84603499999999,48.41795600000002,258,258,45,46.20119999999999,12.91469816272966,8.930365296803654,-7.571921000000024,-8.870457000000009,-0.9042749999999912,1.201199999999993,14,2025-09-01T17:43:15.144962
74,Southampton,EPL,2021,2021/22,38,9,13,16,43,67,47.34804199999999,64.557484,44.303364,63.03514400000001,209,286,40,43.44809999999999,10.498792270531402,9.55297157622739,-18.73178000000001,4.348041999999992,-2.4425159999999977,3.448099999999989,15,2025-09-01T17:43:15.144962
72,Everton,EPL,2021,2021/22,38,11,6,21,43,66,44.46973099999999,60.694247,39.14160999999999,59.171904000000005,190,299,39,43.538,14.0286783042394,7.827541827541827,-20.03029400000001,1.4697309999999888,-5.305752999999996,4.538000000000004,16,2025-09-01T17:43:15.144962
245,Leeds,EPL,2021,2021/22,38,9,11,18,42,79,51.186082000000006,71.30961199999999,47.380234,67.503772,239,300,38,43.85870000000002,8.58095238095238,11.339712918660288,-20.123538,9.186082000000006,-7.690388000000013,5.85870000000002,17,2025-09-01T17:43:15.144962
92,Burnley,EPL,2021,2021/22,38,7,14,17,34,53,41.1058913,60.22312,39.5835523,56.417304,184,316,35,38.1035,12.88875,9.495741056218058,-16.8337517,7.105891299999996,7.223119999999994,3.103500000000004,18,2025-09-01T17:43:15.144962
90,Watford,EPL,2021,2021/22,38,6,5,27,34,77,39.340391,67.53443,37.818061,62.20624,159,339,23,35.4528,14.265706806282722,7.623705408515535,-24.388179,5.340390999999997,-9.46557,12.452799999999996,19,2025-09-01T17:43:15.144962
79,Norwich,EPL,2021,2021/22,38,5,7,26,23,84,31.5116008,80.07547500000003,29.22812980000001,70.71633700000001,188,374,22,25.0385,15.326979472140762,9.353418308227116,-41.488207200000005,8.5116008,-3.9245249999999743,3.0384999999999955,20,2025-09-01T17:43:15.144962
88,Manchester City,EPL,2022,2022/23,38,28,5,5,94,33,84.32156700000002,34.208414899999994,76.70989100000001,31.924897699999995,450,154,89,83.04229999999998,10.333778371161548,22.324409448818898,44.78499330000002,-9.678432999999984,1.208414899999994,-5.957700000000017,1,2025-09-01T17:43:15.144962
83,Arsenal,EPL,2022,2022/23,38,26,6,6,88,43,76.512308,45.16339229999999,73.467624,41.3575353,452,199,84,72.5338,9.553299492385786,14.364511691884458,32.110088700000006,-11.487691999999996,2.163392299999991,-11.4662,2,2025-09-01T17:43:15.144962
89,Manchester United,EPL,2022,2022/23,38,23,6,9,58,43,71.90117799999999,50.28763899999999,69.617674,48.004125,391,253,75,66.39949999999999,11.52299605781866,13.658038147138964,21.613549,13.901177999999987,7.287638999999991,-8.600500000000011,3,2025-09-01T17:43:15.144962
86,Newcastle United,EPL,2022,2022/23,38,19,14,5,68,33,76.977056,41.8562479,72.410043,38.0504029,376,215,71,71.6661,9.188722669735329,10.6640522875817,34.35964010000001,8.977056000000005,8.8562479,0.6661000000000001,4,2025-09-01T17:43:15.144962
87,Liverpool,EPL,2022,2022/23,38,19,10,9,75,47,80.771997,55.773338,77.727328,52.728658,419,209,67,67.36929999999998,8.83481152993348,19.09882005899705,24.99867,5.771996999999999,8.773338000000003,0.3692999999999813,5,2025-09-01T17:43:15.144962
220,Brighton,EPL,2022,2022/23,38,18,8,12,72,53,77.72342200000001,50.154518,73.15639800000001,43.977172,362,231,62,70.85740000000001,8.92789598108747,15.00875,29.179226000000007,5.7234220000000136,-2.845481999999997,8.857400000000013,6,2025-09-01T17:43:15.144962
71,Aston Villa,EPL,2022,2022/23,38,18,7,13,51,46,49.995345,53.95553699999999,46.950666,49.244945,258,237,61,54.3668,11.78388746803069,9.564430244941429,-2.294278999999996,-1.0046549999999996,7.955536999999992,-6.633200000000002,7,2025-09-01T17:43:15.144962
82,Tottenham,EPL,2022,2022/23,38,18,6,14,70,63,57.83378999999999,51.660728000000006,53.26676599999999,48.61605900000001,239,280,60,57.60180000000001,12.65432098765432,12.730723606168446,4.650706999999983,-12.166210000000008,-11.339271999999994,-2.398199999999989,8,2025-09-01T17:43:15.144962
244,Brentford,EPL,2022,2022/23,38,15,14,9,58,46,59.22704499999998,51.453067,53.13771599999999,49.930727,231,301,59,58.26480000000001,11.306493506493506,9.775204359673024,3.206988999999993,1.2270449999999826,5.453066999999997,-0.7351999999999919,9,2025-09-01T17:43:15.144962
228,Fulham,EPL,2022,2022/23,38,15,7,16,55,53,47.984977,71.490811,41.1344488,65.314288,203,286,52,39.23700000000001,12.961139896373057,10.425837320574162,-24.179839200000004,-7.015022999999999,18.490810999999997,-12.762999999999993,10,2025-09-01T17:43:15.144962
78,Crystal Palace,EPL,2022,2022/23,38,11,12,15,40,49,40.723491,51.626247,38.296407,48.581565,197,311,45,44.23969999999999,13.054658385093168,8.67184265010352,-10.285157999999996,0.7234909999999957,2.6262469999999998,-0.760300000000008,11,2025-09-01T17:43:15.144962
80,Chelsea,EPL,2022,2022/23,38,11,11,16,38,47,51.894923000000006,54.022507,49.611409,53.261347,322,214,44,52.28199999999999,9.10011641443539,13.329199549041714,-3.649938000000006,13.894923000000006,7.0225070000000045,8.28199999999999,12,2025-09-01T17:43:15.144962
229,Wolverhampton Wanderers,EPL,2022,2022/23,38,11,8,19,31,58,35.12681500000001,62.68203999999999,32.84330500000001,59.63736899999998,192,301,41,35.00809999999999,11.989290495314592,11.304550758459744,-26.79406399999997,4.126815000000008,4.6820399999999935,-5.991900000000008,13,2025-09-01T17:43:15.144962
81,West Ham,EPL,2022,2022/23,38,11,7,20,42,55,51.21073199999999,55.31217300000002,45.121372999999984,50.74516600000002,173,285,40,51.61719999999999,15.956580732700136,11.107449856733524,-5.623793000000035,9.210731999999991,0.3121730000000227,11.61719999999999,14,2025-09-01T17:43:15.144962
73,Bournemouth,EPL,2022,2022/23,38,11,6,21,37,71,40.083965000000006,67.60209400000001,40.083965000000006,62.273909,200,383,39,34.7342,15.777460770328103,8.811764705882354,-22.189944,3.0839650000000063,-3.397905999999992,-4.265799999999999,15,2025-09-01T17:43:15.144962
249,Nottingham Forest,EPL,2022,2022/23,38,9,11,18,38,68,39.57446,68.459309,35.00746399999999,61.60879700000001,157,390,38,35.04610000000001,16.480712166172108,8.018134715025907,-26.601333000000015,1.574460000000002,0.4593090000000046,-2.95389999999999,16,2025-09-01T17:43:15.144962
72,Everton,EPL,2022,2022/23,38,8,12,18,34,57,48.6498356,68.58286199999999,46.36632660000001,64.01584099999998,197,309,36,40.71319999999999,13.647509578544062,9.624352331606218,-17.649514399999973,14.649835600000005,11.582861999999992,4.713199999999986,17,2025-09-01T17:43:15.144962
75,Leicester,EPL,2022,2022/23,38,9,7,22,51,68,48.98699850000001,59.789351,44.33282749999999,55.98351100000001,205,289,34,45.07360000000001,12.017605633802816,12.668373879641486,-11.650683500000014,-2.0130014999999872,-8.210648999999997,11.073600000000011,18,2025-09-01T17:43:15.144962
245,Leeds,EPL,2022,2022/23,38,7,10,21,48,78,47.795965,69.58103300000002,45.512455,65.014027,230,267,31,40.5808,9.47872340425532,9.024479804161569,-19.501572000000003,-0.2040350000000046,-8.41896699999998,9.580800000000004,19,2025-09-01T17:43:15.144962
74,Southampton,EPL,2022,2022/23,38,6,7,25,36,73,39.26548299999999,62.900044,36.13280999999999,60.61655499999999,199,339,25,36.4664,12.369928400954654,8.399117971334068,-24.483745,3.265482999999989,-10.099956000000006,11.4664,20,2025-09-01T17:43:15.144962
88,Manchester City,EPL,2023,2023/24,38,28,7,3,96,34,89.54875299999999,37.2714265,81.93706299999998,34.987920499999994,516,155,91,83.06739999999999,11.25371120107962,20.08885542168675,46.94914249999999,-6.451247000000009,3.271426499999997,-7.932600000000008,1,2025-09-01T17:43:15.144962
83,Arsenal,EPL,2023,2023/24,38,28,5,5,91,29,84.39247899999998,31.78212539999999,76.78082900000001,29.498617399999983,531,151,89,81.9379,9.602064220183486,16.825347758887172,47.282211600000025,-6.60752100000002,2.782125399999991,-7.062100000000001,2,2025-09-01T17:43:15.144962
87,Liverpool,EPL,2023,2023/24,38,24,10,4,86,41,94.785242,47.39875449999999,87.649932,46.6375945,510,233,82,76.88369999999998,7.659274193548387,16.637450199203187,41.01233750000001,8.785241999999997,6.398754499999988,-5.116300000000024,3,2025-09-01T17:43:15.144962
71,Aston Villa,EPL,2023,2023/24,38,20,8,10,76,61,67.42259349999999,65.07581200000001,64.37791349999999,63.432352000000016,344,268,68,55.42860000000002,13.683284457478006,10.307307307307306,0.9455614999999752,-8.57740650000001,4.075812000000013,-12.571399999999985,4,2025-09-01T17:43:15.144962
82,Tottenham,EPL,2023,2023/24,38,20,6,12,74,61,73.35177999999999,68.065662,71.82943999999999,62.737492,493,264,66,57.42,7.5005213764337855,12.34250764525994,9.091947999999988,-0.6482200000000091,7.065662000000003,-8.580000000000005,5,2025-09-01T17:43:15.144962
80,Chelsea,EPL,2023,2023/24,38,18,9,11,77,63,80.881514,62.60043299999999,71.747502,58.779351,382,292,63,64.1976,9.573185731857318,14.180525164113783,12.968151,3.881513999999996,-0.3995670000000118,1.1975999999999942,6,2025-09-01T17:43:15.144962
86,Newcastle United,EPL,2023,2023/24,38,18,6,14,85,62,84.47785200000003,62.455156,77.62733300000002,58.523683000000005,348,274,60,65.58999999999999,10.259171597633136,11.063249727371865,19.103650000000016,-0.522147999999973,0.4551560000000023,5.589999999999989,7,2025-09-01T17:43:15.144962
89,Manchester United,EPL,2023,2023/24,38,18,6,14,57,58,60.329903,74.76084100000001,54.98649399999999,69.432658,319,371,60,44.418600000000005,11.960154241645244,13.10655737704918,-14.44616400000001,3.3299030000000016,16.760841000000013,-15.581399999999997,8,2025-09-01T17:43:15.144962
81,West Ham,EPL,2023,2023/24,38,14,10,14,60,74,54.529585,77.907744,50.723739,70.296045,159,444,52,41.2783,15.953678474114442,9.046538024971625,-19.572306000000005,-5.470415000000003,3.907743999999994,-10.721699999999998,9,2025-09-01T17:43:15.144962
78,Crystal Palace,EPL,2023,2023/24,38,13,10,15,57,58,53.93545399999999,57.99083260000001,50.890788,55.70736260000001,244,296,49,50.456300000000006,13.74626865671642,8.993250843644544,-4.81657460000001,-3.064546000000007,-0.0091673999999883,1.456300000000006,10,2025-09-01T17:43:15.144962
72,Everton,EPL,2023,2023/24,38,13,9,16,40,51,60.7541755,60.25709199999999,58.4706585,54.16783199999998,237,314,48,53.102,13.115675675675677,10.147540983606556,4.302826500000016,20.7541755,9.257091999999986,5.102000000000004,11,2025-09-01T17:43:15.144962
73,Bournemouth,EPL,2023,2023/24,38,13,9,16,54,67,63.75544599999999,65.50767,61.47194599999999,60.020243,303,379,48,53.47010000000001,9.709325396825395,8.373493975903614,1.4517029999999878,9.755445999999992,-1.4923299999999955,5.470100000000009,12,2025-09-01T17:43:15.144962
220,Brighton,EPL,2023,2023/24,38,12,12,14,55,62,61.910402,60.9371845,57.222334,56.37017750000001,361,314,48,54.43240000000002,9.995354239256676,17.218712029161605,0.8521564999999853,6.910401999999998,-1.0628154999999992,6.432400000000023,13,2025-09-01T17:43:15.144962
228,Fulham,EPL,2023,2023/24,38,13,8,17,55,61,52.808695500000006,66.90413200000002,51.286358500000006,60.814790000000016,288,320,47,44.98500000000001,13.729974160206718,13.10545905707196,-9.52843150000001,-2.191304499999994,5.904132000000018,-2.014999999999993,14,2025-09-01T17:43:15.144962
229,Wolverhampton Wanderers,EPL,2023,2023/24,38,13,7,18,50,65,50.65224100000002,76.10579999999999,47.60755900000001,70.01648399999999,216,396,46,39.7876,12.463636363636365,10.29265873015873,-22.408924999999986,0.6522410000000178,11.105799999999988,-6.212400000000002,15,2025-09-01T17:43:15.144962
244,Brentford,EPL,2023,2023/24,38,10,9,19,56,65,64.291682,60.26065900000001,62.008191,58.73832000000002,286,351,39,52.941500000000005,10.072139303482588,10.337254901960783,3.269870999999973,8.291681999999994,-4.739340999999989,13.941500000000003,16,2025-09-01T17:43:15.144962
249,Nottingham Forest,EPL,2023,2023/24,38,9,9,20,49,67,52.15733199999999,56.25140399999999,51.396162,53.206796,213,334,36,50.17410000000001,17.736517719568567,9.94422310756972,-1.8106340000000003,3.1573319999999896,-10.748596000000012,14.17410000000001,17,2025-09-01T17:43:15.144962
256,Luton,EPL,2023,2023/24,38,6,8,24,52,85,49.87246200000002,91.647698,46.06662200000002,88.60301400000002,178,377,26,32.327000000000005,13.156565656565656,7.750577367205543,-42.53639199999999,-2.12753799999998,6.647697999999991,6.327000000000005,18,2025-09-01T17:43:15.144962
92,Burnley,EPL,2023,2023/24,38,5,9,24,41,78,43.4420856,75.71830500000003,41.1585836,70.39012500000003,211,383,24,33.6878,13.32349165596919,11.881806108897742,-29.231541400000022,2.442085599999998,-2.2816949999999707,9.687800000000005,19,2025-09-01T17:43:15.144962
238,Sheffield United,EPL,2023,2023/24,38,3,7,28,35,104,41.30625640000001,85.70720200000001,37.5004414,80.37903200000001,169,392,16,28.53139999999999,17.195561719833563,8.473537604456824,-42.87859060000001,6.306256400000009,-18.29279799999999,12.53139999999999,20,2025-09-01T17:43:15.144962
87,Liverpool,EPL,2024,2024/25,38,25,9,4,86,41,93.23934099999998,42.320521,86.38883099999998,40.661526,442,200,84,81.84370000000001,8.936353829557714,16.0,45.72730499999999,7.239340999999982,1.3205209999999994,-2.1562999999999874,1,2025-09-01T17:43:15.144962
83,Arsenal,EPL,2024,2024/25,38,20,14,4,69,34,73.56990500000002,39.97986170000001,72.047565,37.6963487,366,156,74,72.9622,8.797846889952153,14.311111111111112,34.35121630000001,4.56990500000002,5.979861700000008,-1.0378000000000045,2,2025-09-01T17:43:15.144962
88,Manchester City,EPL,2024,2024/25,38,21,8,9,72,44,73.14843,52.903197000000006,70.10376000000001,49.858519,431,198,71,64.66310000000001,12.08898305084746,17.078582434514637,20.245241000000007,1.1484300000000047,8.903197000000006,-6.336899999999986,3,2025-09-01T17:43:15.144962
80,Chelsea,EPL,2024,2024/25,38,20,9,9,64,43,73.11728900000001,54.26218799999998,69.31144900000002,49.69517899999999,337,226,69,62.5617,10.84029484029484,13.98343949044586,19.61627000000004,9.117289000000014,11.26218799999998,-6.438299999999998,4,2025-09-01T17:43:15.144962
71,Aston Villa,EPL,2024,2024/25,38,19,9,10,58,51,66.38524600000002,54.99810299999999,61.710806000000005,52.714603,285,248,66,61.5269,12.38881118881119,9.955723542116631,8.996203000000008,8.385246000000024,3.998102999999993,-4.473100000000002,5,2025-09-01T17:43:15.144962
86,Newcastle United,EPL,2024,2024/25,38,20,6,12,68,47,71.482065,53.97721599999999,66.915061,52.45487399999999,349,232,66,62.61070000000001,10.276412776412776,10.838337182448036,14.460187000000005,3.4820650000000057,6.977215999999991,-3.3892999999999915,6,2025-09-01T17:43:15.144962
249,Nottingham Forest,EPL,2024,2024/25,38,19,8,11,58,46,52.74925299999999,55.917692,50.465744,53.63418299999999,220,271,65,50.0071,14.215297450424927,8.22628726287263,-3.168439,-5.250747000000011,9.917691999999995,-14.992900000000006,7,2025-09-01T17:43:15.144962
220,Brighton,EPL,2024,2024/25,38,16,13,9,66,59,65.27686999999999,59.123991,59.94868399999999,52.273469,322,243,61,57.26350000000002,9.933127572016462,12.555974842767297,7.675214999999987,-0.7231300000000118,0.1239910000000037,-3.736499999999978,8,2025-09-01T17:43:15.144962
73,Bournemouth,EPL,2024,2024/25,38,15,11,12,58,46,72.620869,53.99358699999999,67.29268200000001,50.94890599999999,283,327,56,65.0254,8.530938123752495,9.791610284167794,16.343776000000027,14.620869,7.993586999999991,9.025400000000005,9,2025-09-01T17:43:15.144962
244,Brentford,EPL,2024,2024/25,38,16,8,14,66,57,67.11979699999999,60.86479799999999,62.552775,60.103628,278,394,56,54.93919999999999,10.869623655913978,12.144886363636363,2.4491469999999964,1.1197969999999913,3.864797999999993,-1.0608000000000075,10,2025-09-01T17:43:15.144962
228,Fulham,EPL,2024,2024/25,38,15,9,14,54,54,58.00341400000001,49.232539,54.958735,46.18786299999999,232,226,54,57.6028,12.1,13.06924101198402,8.770872000000018,4.003414000000007,-4.767461000000004,3.602799999999995,11,2025-09-01T17:43:15.144962
78,Crystal Palace,EPL,2024,2024/25,38,13,14,11,51,51,67.78077,58.88433500000001,64.736094,57.36199500000001,243,270,53,58.15670000000001,13.17142857142857,9.024970273483948,7.374098999999987,16.780770000000004,7.884335000000007,5.156700000000008,12,2025-09-01T17:43:15.144962
72,Everton,EPL,2024,2024/25,38,11,15,12,42,44,46.869415,53.663086000000014,45.347074000000006,52.140756,186,267,48,47.6514,14.28337531486146,8.983247422680412,-6.793681999999997,4.869415000000004,9.663086000000014,-0.3486000000000047,13,2025-09-01T17:43:15.144962
81,West Ham,EPL,2024,2024/25,38,11,10,17,46,62,50.58904999999999,68.087568,48.30553999999999,65.804062,224,316,43,41.76000000000001,12.252324037184597,10.10948905109489,-17.49852200000001,4.589049999999986,6.0875680000000045,-1.2399999999999878,14,2025-09-01T17:43:15.144962
89,Manchester United,EPL,2024,2024/25,38,11,9,18,44,54,56.91131000000001,60.72751,53.866651000000005,57.633397,309,218,42,52.2395,10.06810442678774,13.2588092345079,-3.766745999999991,12.911310000000007,6.727510000000002,10.2395,15,2025-09-01T17:43:15.144962
229,Wolverhampton Wanderers,EPL,2024,2024/25,38,12,6,20,54,69,45.370551000000006,61.57215600000001,45.370551000000006,54.72165600000001,215,284,42,41.4533,11.535499398315284,9.92332268370607,-9.351105000000004,-8.629448999999994,-7.427843999999993,-0.5467000000000013,16,2025-09-01T17:43:15.144962
82,Tottenham,EPL,2024,2024/25,38,11,5,22,64,65,65.363487,68.23099700000002,62.318816000000005,65.94748700000001,316,280,38,50.0654,9.431302270011948,10.225510204081631,-3.628671000000004,1.3634870000000063,3.2309970000000163,12.065399999999997,17,2025-09-01T17:43:15.144962
75,Leicester,EPL,2024,2024/25,38,6,7,25,33,80,38.058101,85.887374,35.774607,82.842694,159,381,25,26.43030000000001,13.2484237074401,10.760770975056689,-47.068087,5.058101000000001,5.887373999999994,1.430300000000006,18,2025-09-01T17:43:15.144962
285,Ipswich,EPL,2024,2024/25,38,4,10,24,36,82,40.42059270000001,83.732644,38.8982547,79.16563399999998,132,373,22,28.4466,14.197643979057592,8.973778307508939,-40.26737929999998,4.420592700000007,1.7326439999999934,6.4466,19,2025-09-01T17:43:15.144962
74,Southampton,EPL,2024,2024/25,38,2,6,30,26,86,38.63121599999999,98.34760799999998,36.92276799999999,91.389668,179,398,12,22.6856,12.041237113402062,10.962805526036131,-54.46690000000001,12.631215999999988,12.34760799999998,10.685599999999996,20,2025-09-01T17:43:15.144962
